,Lab_Chla,WindDir,WindSp,AirTemp,RelativeHum,DailyRain,PARAirFlags,PARW1,PARW2,CO2Shallow,TempShallow,SpCondShallow,pHmVShallow,TurbShallowField,ChlorophyllShallow,ChlRFUShallow,BGAPCShallowRFU,ODOShallow,TempDeep,SpCondDeep,TDSDeep,pHmVDeep,BGAPCDeepRFU,TAL PC RFU,ODODeep,Temp00,Temp01,Temp02,Temp03,Temp04,isDaylight,Year,Month,Day,doy,PARW1_day,PARAirFlags_day,PAR_normalized_day,BGAPCShallowRFU_night,ChlRFUShallow_night,ChlorophyllShallow_night,TempShallow_SMA3,WindSp_SMA3,PARAirFlags_day_SMA3,PAR_normalized_day_SMA3
2014-06-12,1.2041199826559248,124.5,2.8499999999999996,17.56,43.0,0.0,232.5,71.6366117796886,71.6366117796886,371.05,17.200000000000003,485.0,-123.9,6.9,9.9,2.45,2.95,8.885,16.81,476.0,,-115.1,3.3,,8.84,17.24080028453023,17.174999999999997,17.105,16.95,16.61099832125562,1.0,2014.0,6.0,12.0,163.0,150.93183479162178,482.0,0.31313658670460953,2.9,2.7,10.8,18.66666666666667,8.991666666666664,512.3031517928425,0.39312285488447324
2014-06-16,1.146128035678238,164.5,2.3,12.89,76.5,0.0,167.0,50.81962938577429,50.81962938577429,528.5,16.155,495.0,-114.85,5.9,9.5,2.4,1.7,8.56,15.74,481.5,,-106.0,2.2,,8.175,16.15448580159329,16.245,15.965,15.87,15.572088085524214,1.0,2014.0,6.0,16.0,167.0,88.1052862620358,284.3181818181818,0.3098827014811811,1.6,2.25,9.05,15.875,3.9166666666666665,221.41010101010102,0.30406928358949475
2014-06-19,1.2304489213782739,299.5,2.6,16.115000000000002,79.5,0.0,111.0,33.02190398029029,33.02190398029029,477.9,16.84,497.0,-116.25,5.8,11.25,2.8,1.8,8.88,16.18,490.0,,-100.5,1.8,,8.03,16.902008809511745,16.805,16.73,16.375,15.975259980819677,1.0,2014.0,6.0,19.0,170.0,106.94795387882664,343.6060606060606,0.3112516516448786,1.5,2.5,10.0,16.593333333333334,4.7,225.88383838383842,0.30467006624848186
2014-06-23,1.2819419334408249,177.0,3.8,16.5,85.0,0.0,94.0,27.619023053625504,27.619023053625504,369.75,17.645,509.0,-123.65,5.85,14.7,3.6,2.1,9.125,17.52,499.0,,-118.0,2.7,,9.145,17.675529316538437,17.61,17.595,17.6,17.29844765169952,1.0,2014.0,6.0,23.0,174.0,70.09086777125776,227.63636363636363,0.3079071667267713,2.3,4.15,16.75,17.323333333333334,4.666666666666667,298.020202020202,0.30986478028747827
2014-06-26,1.255272505103306,181.0,3.45,17.835,79.5,0.0,148.5,46.05238150930536,46.05238150930536,292.2856736184145,18.98163106731918,520.0,-128.6,4.3,12.7,3.2,1.1,9.587914266577396,18.380000000000003,510.0,,-115.35,1.4,,8.684999999999999,18.906325458785354,18.830564368350323,18.791472997515942,18.54,18.193791646385225,1.0,2014.0,6.0,26.0,177.0,90.1054708345881,266.54545454545456,0.3380491743453169,1.1,3.0,12.2,18.38221035577306,4.283333333333332,322.69191919191917,0.3202727910297982
2014-07-02,1.505149978319906,60.5,2.4,19.28,67.0,0.0,200.0,61.30757471400593,61.30757471400593,142.7,19.53,518.0,-142.35000000000002,8.05,19.8,4.9,4.75,11.665,18.67,510.0,,-131.1,2.8,,10.215,19.720496390304668,19.585,19.14,19.0,18.45307098319438,1.0,2014.0,7.0,2.0,183.0,135.72479560587544,434.1515151515151,0.31262080372680184,5.9,4.9,19.85,18.891666666666666,5.466666666666666,332.46969696969694,0.3086789123427195
2014-07-07,1.6391377183700937,141.5,6.65,19.39,71.0,0.04,109.5,32.545179192643396,32.545179192643396,166.15,21.29,528.0,-144.8,13.3,15.2,3.8,10.3,9.315000000000001,21.255000000000003,519.0,,-141.9,13.0,,9.465,21.421322340572416,21.28,21.27,21.3,20.978083149509118,1.0,2014.0,7.0,7.0,188.0,105.06357599248842,337.67692307692306,0.3111363815896737,10.7,4.4,17.6,21.595,4.6499999999999995,349.6717948717949,0.3111166667743887
2014-07-10,1.3979400086720377,131.5,4.2,22.085,68.0,0.0,152.5,46.211289771854325,46.211289771854325,109.95,21.865000000000002,522.0,-150.3,17.1,15.0,3.7,13.5,10.33,21.695,528.0,,-144.75,11.5,,9.425,22.06934756119455,21.905,21.825,21.775,21.37688091118717,1.0,2014.0,7.0,10.0,191.0,130.41777127319142,417.453125,0.3124129715718176,7.4,3.45,13.8,21.698333333333334,4.116666666666666,313.29879807692305,0.3671491884958867
2014-07-14,1.9030899869919435,212.5,2.0,15.695,67.0,0.0,153.5,46.52910629695225,46.52910629695225,73.2,21.08,536.0,-154.2,16.55,15.2,3.8,13.649999999999999,10.29,20.74,561.0,,-145.45,7.2,,8.2,21.17668293527118,21.064999999999998,20.88,20.81,20.527522794362447,1.0,2014.0,7.0,14.0,195.0,133.47675532725899,427.078125,0.3125347507022491,16.25,3.8,15.350000000000001,21.393333333333334,4.55,425.9322916666667,0.31251772860705734
2014-07-17,1.4471580313422192,260.0,2.5,22.225,71.0,0.0,92.5,27.142298265978614,27.142298265978614,84.69999999999999,22.07,559.0,-154.7,12.9,19.65,4.9,9.2,11.51,20.81,588.0,,-126.30000000000001,6.3,,5.03,22.318387779800197,22.125,21.97,21.31,20.584181625952706,1.0,2014.0,7.0,17.0,198.0,88.63979587242778,286.0,0.30992935619729994,9.25,4.75,19.05,21.705000000000002,2.6333333333333333,346.9166666666667,0.31375811655679997
2014-07-21,1.7661524898594239,325.5,1.65,17.67,84.5,0.05,52.5,14.429637262061473,14.429637262061473,192.60000000000002,21.55,594.0,-143.8,8.7,26.65,6.6,7.95,10.325,21.29,590.0,,-132.5,8.1,,8.120000000000001,21.704314025083082,21.53,21.5,21.43,21.058817775439966,1.0,2014.0,7.0,21.0,202.0,39.95427693398886,132.8125,0.30083220279709255,7.5,7.0,28.05,21.238333333333333,3.1999999999999997,256.21875,0.30736584212191903
2014-07-24,1.6989700043360187,267.0,5.0,19.615000000000002,85.0,0.0,9.0,0.6046184203015821,0.6046184203015821,313.45,21.85,613.5,-127.9,8.0,21.2,5.3,8.4,7.26,21.715,624.0,,-123.4,9.2,,6.81,22.00243299364579,21.83,21.82,21.85,21.42668737947015,1.0,2014.0,7.0,24.0,205.0,87.34802548009426,281.93548387096774,0.30981565101635267,7.25,5.4,21.65,21.688333333333333,4.216666666666666,327.59677419354836,0.3108277010420544
2014-07-28,1.6127838567197355,260.0,2.1,19.365000000000002,76.5,0.0,129.5,38.90150969460197,38.90150969460197,150.95,21.04,620.0,-148.2,6.4,24.85,6.2,7.2,12.305,20.11,643.5,,-101.35,9.5,,4.66,21.26379426402675,21.205,20.744999999999997,20.295,19.828916846615392,1.0,2014.0,7.0,28.0,209.0,119.92934537561739,384.4516129032258,0.3119491279278519,7.15,6.1,24.5,20.59,4.250000000000001,337.97849462365593,0.3108521983677793
2014-07-31,1.5778470559390212,245.0,3.75,20.081868357604264,73.0,0.0,149.0,46.846922822050175,46.846922822050175,248.25,22.185000000000002,618.890625,-142.9015625,7.8,21.231250000000003,5.3,5.3,9.581952436876044,22.04,633.0,,-132.35,6.583323506371965,,8.73,22.33641089205375,22.17,22.165,22.165,21.80372794728502,1.0,2014.0,7.0,31.0,212.0,78.99741749285349,176.74193548387098,0.44696476405885344,4.9,5.2,20.8,22.790000000000003,3.1666666666666665,274.33870967741933,0.35913792297443914
2014-08-05,1.568201724066995,266.0,3.1,20.615000000000002,79.0,0.0,76.0,21.898325601862794,21.898325601862794,361.29999999999995,23.255,671.0,-128.85,5.9,22.0,5.5,5.4,8.45,23.03,670.0,,-120.05,6.9,,7.51,23.449958534197172,23.235,23.244999999999997,23.23,22.77197615999706,1.0,2014.0,8.0,5.0,217.0,74.05731431251782,240.11666666666667,0.30842221550295473,5.3,5.4,21.85,23.131666666666664,2.9333333333333336,319.22222222222223,0.3104798960351227
2014-08-07,1.591064607026499,227.5,2.1,22.085,80.0,3.91,50.5,13.794004211865616,13.794004211865616,524.65,22.92,685.0,-109.1,5.35,22.1,5.5,5.4,6.01,22.69,687.0,,-100.15,7.1,,5.455,23.105937811021356,22.9,22.9,22.85,22.500623783028807,1.0,2014.0,8.0,7.0,219.0,93.52357647476596,301.3666666666667,0.31033152242484,5.4,5.4,21.65,23.073333333333334,3.4166666666666665,255.67777777777778,0.3088564139804509
2014-08-11,1.6720978579357175,310.0,1.6,20.725,67.0,0.0,105.0,31.115004829702716,31.115004829702716,264.7,22.92,680.5,-123.8,5.4,24.6,6.1,5.9,8.19,22.625,679.0,,-118.4,8.0,,7.65,23.159608461210595,22.965,23.009999999999998,22.75,22.420482864062812,1.0,2014.0,8.0,11.0,223.0,116.43527501658559,373.45762711864404,0.31177640128794365,5.9,6.3,25.2,23.028333333333336,3.0666666666666664,305.11365348399244,0.31024116950519737
2014-08-14,1.4478988019440273,231.5,3.0,18.777178345282664,80.0,0.0,80.0,96.85129460723547,96.85129460723547,315.059628554845,22.92,692.0,-118.6313953488372,5.7,20.98953488372093,5.225581395348837,4.7,9.392299587564544,22.87,693.0,,-112.6,7.4,,6.54,23.09708407481522,22.895,22.89,22.92,22.58717998739471,1.0,2014.0,8.0,14.0,226.0,87.23600438710807,129.68965517241378,0.6726519880952231,5.4,5.0,20.0,23.041666666666668,3.366666666666667,240.58045977011497,0.4356368638119344
2014-08-18,1.585742647390457,94.5,3.3,19.28,76.0,0.0,66.5,18.879068613432473,18.879068613432473,368.04999999999995,23.5,709.5,-133.35000000000002,7.25,17.7,4.4,8.9,8.69,23.305,712.0,,-127.05,10.5,,7.71,23.724277711110382,23.490000000000002,23.48,23.415,23.02232534005105,1.0,2014.0,8.0,18.0,230.0,81.75377116197267,264.3333333333333,0.3092828669431501,8.3,4.3,17.5,23.63333333333333,4.183333333333334,222.96743295019155,0.30702932604062755
2014-08-25,1.255272505103306,94.0,5.6,12.06,70.0,0.03,242.0,74.65586876811892,74.65586876811892,275.3,17.6,732.0,-114.2,142.0,24.8,6.2,8.4,7.07,17.52,727.0,,-110.9,6.6,,7.04,17.608629367510026,17.58,17.56,17.57,17.315901260077613,1.0,2014.0,8.0,25.0,237.0,131.97540330505157,422.3541666666667,0.31247567496879963,10.7,7.5,30.3,18.888333333333332,6.45,189.2906746031746,0.2953477686290041
2014-09-02,1.1760912590556813,114.5,3.1,15.615,71.5,0.0,33.0,8.232215022651866,8.232215022651866,670.1500000000001,18.520000000000003,745.0,-122.4,5.7,6.35,1.6,3.8,7.37,18.405,748.0,,-118.6,4.7,,7.46,18.57390672070823,18.485,18.475,18.494999999999997,18.170150891657684,1.0,2014.0,9.0,2.0,245.0,105.21422748319523,338.1509433962264,0.3111457458213005,3.8,1.7,6.7,18.623333333333335,3.2833333333333337,325.14784532960635,0.31087021103089635
2015-05-25,0.9572480195790501,105.0,4.8,18.225,56.5,0.0,301.0,66.0,66.0,516.4676261829651,18.345,842.0,-92.05,2.1,5.6,1.2,1.0,10.07,13.864999999999998,827.5,,-98.5,1.3,,7.65,18.515,18.365000000000002,18.24,17.225,13.47,1.0,2015.0,5.0,25.0,145.0,313.4421052631579,841.6842105263158,0.3723986993496748,0.9,1.3,6.0,17.516666666666666,4.366666666666666,882.2736842105263,0.37048254600551794
2015-05-29,1.24535965075912,210.5,9.0,7.89,55.0,0.0,406.5,50.5,50.5,516.4676261829651,17.72,852.0,-92.25,6.2,8.55,1.8,3.2,9.64,17.69,846.0,,-123.3,4.3,,9.745000000000001,17.73,17.68,17.68,17.715,17.605,1.0,2015.0,5.0,29.0,149.0,276.340206185567,972.4536082474227,0.28416800949877025,3.3,1.9,8.8,18.661666666666665,8.4,808.8317583046965,0.2649287148513371
2015-06-01,1.3111178426625056,209.0,10.2,17.53,63.5,0.01,261.5,45.5,45.5,288.87134723682897,16.66,859.0,-97.65,7.15,8.9,1.9,3.3,10.21,15.795,854.0,,-123.6,4.3,,9.725000000000001,16.96,16.84,16.715,15.785,15.71,1.0,2015.0,6.0,1.0,152.0,225.10309278350516,892.6288659793814,0.2521799387884738,3.5,2.0,9.3,16.30666666666667,14.15,734.6907216494845,0.2357261764187862
2015-06-08,1.5314789170422551,93.0,4.15,22.28,56.0,0.0,319.5,33.0,33.0,288.87134723682897,19.63,869.0,-107.7,6.7,7.1,1.5,4.05,10.975000000000001,18.865000000000002,859.0,,-130.64999999999998,2.2,,10.25,20.174999999999997,20.02,19.485,18.91,18.705,1.0,2015.0,6.0,8.0,159.0,189.92857142857142,895.2857142857143,0.2121429711185575,4.8,1.6,7.6,18.643333333333334,7.233333333333333,910.8890525282277,0.24028166766754108
2015-06-10,1.4934580509951885,109.5,5.3,18.225,58.5,0.0,235.5,39.5,39.5,288.87134723682897,20.19,874.0,-106.5,7.75,6.8,1.4,4.9,9.925,20.075,868.0,,-132.95,5.7,,10.06,20.259999999999998,20.195,20.175,20.09,19.884999999999998,1.0,2015.0,6.0,10.0,161.0,196.79591836734693,773.7755102040817,0.25433205855202423,4.35,1.5,6.9,19.87333333333333,6.699999999999999,854.3469387755102,0.23369431704691115
2015-06-11,1.7968387410974966,179.0,8.7,17.748680565578084,62.5,0.0,153.0,40.0,40.0,288.87134723682897,20.355,876.0,-105.42837837837838,7.9,6.289189189189189,1.3229729729729731,3.8959459459459462,9.71,20.36,869.0,,-131.0,6.25,,9.575,20.405,20.32,20.32,20.365000000000002,20.25,1.0,2015.0,6.0,11.0,162.0,113.26915763495431,358.2020202020202,0.3162158537550188,3.9,1.4,6.4,20.115,8.216666666666667,675.3190407476122,0.26838527792573164
2015-06-22,1.6420438720485455,129.0,10.9,17.03,65.0,0.0,358.5,42.0,42.0,288.87134723682897,19.44,884.0,-104.1,10.149999999999999,11.3,2.4,6.05,9.405000000000001,19.314999999999998,885.0,,-128.45,5.55,,8.76,19.494999999999997,19.435000000000002,19.405,19.41,19.175,1.0,2015.0,6.0,22.0,173.0,185.78787878787878,910.8282828282828,0.20397684425320498,5.5,2.6,12.2,19.150000000000002,9.433333333333332,748.3333333333334,0.23382986387459892
2015-06-25,1.257222446187574,141.0,4.7,18.03,63.35234657039711,0.0,153.0,42.0,42.0,288.87134723682897,21.075,882.0,-114.35,9.867369282096375,12.095652173913043,2.7,5.8,12.19,19.955,894.0,,-121.45,3.7,,7.73,21.355,21.185000000000002,20.955,20.77,19.674999999999997,1.0,2015.0,6.0,25.0,176.0,149.03804572815488,649.2244897959183,0.22956319126994812,7.6,2.6,12.3,20.77166666666667,5.033333333333332,790.855871641586,0.17733956760112438
2015-07-06,1.7089729784630785,206.0,4.0,16.5,60.5,0.0,300.5,37.5,37.5,287.07942409961305,22.285,910.0,-89.9,5.169255618185403,7.9,2.0,2.9,7.625,21.98,948.0,,-123.15,2.55,,5.635,22.625,22.485,22.265,22.165,21.93,1.0,2015.0,7.0,6.0,187.0,188.53061224489795,817.6938775510204,0.23056380562557716,3.4,1.95,7.65,22.745,8.366666666666665,679.8979591836734,0.2173545941191828
2015-07-09,0.607387997289402,60.5,8.6,20.081868357604264,58.0,0.0,154.0,25.0,25.0,287.07942409961305,22.06281981442701,939.0714285714286,-83.97142857142858,4.117731730988098,5.978571428571429,1.502857142857143,2.257142857142857,9.581952436876044,21.189999999999998,945.0,,-111.65,2.5,,5.495,21.255000000000003,21.21,21.21,21.22,21.130000000000003,1.0,2015.0,7.0,9.0,190.0,129.69014450150522,402.2886597938144,0.32238081125124307,1.6,1.4,5.6,21.93427327147567,8.416666666666666,681.0179886387544,0.24723453784474403
2015-07-13,1.3497630439879496,132.0,7.55,20.89,88.0,0.0,143.5,15.0,15.0,287.07942409961305,23.11,948.0,-91.05000000000001,7.7,8.1,2.1,5.7,9.581952436876044,23.02,950.0,,-117.2,5.3,,6.3,23.13,23.09,23.08,23.1,22.97,1.0,2015.0,7.0,13.0,194.0,52.854166666666664,337.65625,0.15653246953570876,5.45,2.1,8.4,22.88333333333333,6.733333333333333,418.6070661512027,0.18970215397922718
2015-07-20,1.2683439139510646,131.0,8.6,18.89,69.0,0.0,330.0,28.0,28.0,1087.9,21.43,967.0,-98.95,11.850000000000001,8.7,2.2,7.8,9.581952436876044,21.255000000000003,967.0,,-127.5,9.0,,7.025,21.494999999999997,21.45,21.405,21.305,21.165,1.0,2015.0,7.0,20.0,201.0,181.5157894736842,853.9263157894737,0.21256610332458117,8.2,2.3,9.2,21.558333333333334,13.366666666666665,797.6140350877191,0.2009322910550431
2015-07-27,1.6532125137753437,242.5,9.9,17.835,81.0,0.72,25.0,5.0,5.0,1087.55,22.06281981442701,965.7906976744187,-102.29418604651161,9.867369282096375,9.894186046511628,2.5162790697674415,5.119767441860464,9.581952436876044,22.23,979.5,,-128.14999999999998,8.7,,7.33,22.48,22.435000000000002,22.43,22.46,22.41,1.0,2015.0,7.0,27.0,208.0,27.247311827956988,153.13978494623655,0.1779244488133689,4.1661733615221985,2.476955602536998,9.727061310782242,22.474273271475667,8.516666666666666,513.8683367650423,0.19128971446187817
2015-07-29,1.68419882272141,139.0,16.3,18.78,68.0,0.0,259.0,21.5,21.5,1454.9,22.06281981442701,940.2177589852008,-92.85655391120508,9.867369282096375,10.911310782241014,2.7572938689217756,11.025898520084565,9.581952436876044,19.52,960.0,,-119.2,11.8,,7.3149999999999995,19.53,19.48,19.47,19.51,19.46,1.0,2015.0,7.0,29.0,210.0,125.96774193548387,867.7204301075269,0.1451708840367791,10.0723044397463,2.7188160676532767,10.754968287526427,22.062819814427005,16.23333333333333,368.08960573476696,0.14787720755096895
2015-07-30,1.6044096711329507,141.0,10.2,17.475,71.5,0.0,364.5,22.0,22.0,1251.15,19.46,958.0,-90.9,15.7,9.5,2.4,10.3,9.581952436876044,19.42,962.0,,-119.55,12.7,,8.055,19.515,19.46,19.42,19.425,19.355,1.0,2015.0,7.0,30.0,211.0,135.66304347826087,866.5434782608696,0.15655653395549535,11.1,2.7,10.8,21.195213209618007,16.333333333333332,605.8908368396446,0.1407545692650111
2015-07-31,1.6619243198787004,134.0,4.65,18.225,72.5,0.0,315.0,20.0,20.0,678.6,20.314999999999998,958.0,-103.45,16.1,11.4,2.9,10.8,9.581952436876044,19.74,966.0,,-123.0,11.8,,8.175,21.07,20.63,20.14,19.89,19.67,1.0,2015.0,7.0,31.0,212.0,134.5,880.5652173913044,0.15274280353527872,10.149999999999999,2.6,10.2,20.612606604809002,10.383333333333333,871.6097085865669,0.1514900738425177
2015-08-04,1.568495067193246,327.5,12.149999999999999,19.89,71.0,0.0,66.5,11.0,11.0,891.8,21.49,967.5,-102.55,10.2,10.25,2.6,5.1,9.392299587564544,21.200000000000003,974.0,,-132.3,6.4,,8.07,21.51,21.46,21.46,21.41,21.085,1.0,2015.0,8.0,4.0,216.0,125.20879120879121,625.7142857142857,0.20010537407797685,5.1,2.7,10.7,21.478333333333335,8.649999999999999,772.2564102564102,0.19127351544837312
2015-08-10,1.5440680443502757,39.0,7.5,24.17,55.0,0.0,175.0,24.5,24.5,610.85,21.8,963.0,-111.6,7.3,10.7,2.7,4.5,9.392299587564544,20.415,971.0,,-106.15,7.9,,3.5599999999999996,21.86,21.785,21.68,21.08,20.27,1.0,2015.0,8.0,10.0,222.0,187.4943820224719,713.7977528089888,0.262671577886916,4.2,2.7,10.5,21.311666666666667,5.916666666666665,785.0971702039118,0.24111834467611684
2015-08-17,1.7853298350107671,55.0,5.6,14.725000000000001,77.5,0.0,105.0,10.0,10.0,1067.6,20.68,953.0,-94.25,11.7,8.3,2.1,11.149999999999999,9.392299587564544,20.51,955.0,,-119.0,12.850000000000001,,6.2,20.76,20.655,20.61,20.57,20.44,1.0,2015.0,8.0,17.0,229.0,68.63953488372093,575.3604651162791,0.11929831652553505,11.05,2.25,8.850000000000001,22.05,10.83333333333333,475.2793340380549,0.13403919185421242
2015-08-24,1.7416242575038121,319.5,10.25,17.03,62.0,0.0,141.0,13.0,13.0,893.25,17.81,944.0,-103.2,11.4,11.9,3.0,10.8,9.392299587564544,17.795,941.0,,-134.25,13.6,,8.77,17.83,17.77,17.755000000000003,17.78,17.725,1.0,2015.0,8.0,24.0,236.0,123.8452380952381,690.7857142857143,0.17928170130631096,11.25,3.1,12.2,18.271666666666665,12.416666666666666,555.7579365079364,0.1888923578222361
2015-09-14,1.414973347970818,303.5,5.85,12.615,82.0,0.03,28.5,6.0,6.0,1100.3,15.825,921.0,-103.2,5.3,12.1,3.1,4.9,8.775747938270607,15.795,923.0,,-135.05,6.2,,8.71,15.85,15.78,15.77,15.8,15.71,1.0,2015.0,9.0,14.0,257.0,24.56578947368421,220.8815789473684,0.11121701316494907,4.9,3.3,12.850000000000001,15.905000000000001,6.466666666666666,505.41922989291396,0.13693666739469448
2015-09-28,1.3617278360175928,141.0,9.6,7.225,64.0,0.0,12.5,4.5,4.5,1897.4,15.110007451564835,916.1559308049051,-94.19703246365266,9.867369282096375,10.402025777449001,2.6959840100150796,5.546743676558455,8.775747938270607,13.63,908.0,,-127.45,19.35,,8.9,13.65,13.575,13.57,13.6,13.56,0.0,2015.0,9.0,28.0,271.0,15.19718309859155,447.3943661971831,0.03396820399811113,5.552399920334595,2.6983071101374225,10.410914160525792,15.110007451564835,8.733333333333334,495.58633281168477,0.028516732149095707
2016-05-19,0.35024801833416286,108.0,6.1,18.835,51.0,0.0,261.5,156.0,156.0,553.7,14.99,834.0,-78.8,0.9,2.5,0.7,0.2,10.55,13.024999999999999,835.0,,-88.7,0.5,,10.245000000000001,15.14,14.875,14.01,13.09,12.955,1.0,2016.0,5.0,19.0,140.0,526.7553191489362,672.1808510638298,0.783651183033948,0.2,0.75,2.9,13.505772256728775,4.783333333333333,503.61281991982725,0.5326547431917585
2016-05-24,0.508049629008395,197.0,6.5,12.92,67.0,0.0,149.0,83.5,83.5,589.2,16.314999999999998,840.0,-75.6,1.4,4.2,1.1,0.4,9.024999999999999,16.155,842.0,,-89.8,0.7,,9.15,16.37,16.3,16.22,16.155,16.035,1.0,2016.0,5.0,24.0,145.0,370.87368421052633,536.9473684210526,0.6907077043716919,0.4,1.2,4.4,16.42833333333333,8.166666666666666,500.56491228070166,0.6775828493219144
2016-05-30,1.0,156.0,4.75,13.5,74.5,0.0,163.0,79.0,79.0,504.25,16.65,835.0,-74.65,2.0,4.8,1.3,0.8,10.035,16.45,840.0,,-84.55,0.9,,9.684999999999999,16.7,16.63,16.6,16.525,16.365000000000002,1.0,2016.0,5.0,30.0,151.0,178.75257731958763,334.340206185567,0.5346427800561191,0.8,1.4,5.4,16.24833333333333,7.416666666666667,462.16151202749126,0.5820014559131425
2016-06-06,1.0413926851582251,292.5,4.6,16.28,59.5,0.0,401.5,149.0,149.0,411.3,18.85,835.0,-76.75,3.0,3.8,1.0,1.0,9.44,18.3,847.0,,-81.85,1.4,,9.125,18.95,18.84,18.71,18.375,18.22,1.0,2016.0,6.0,6.0,158.0,526.7319587628866,859.1958762886597,0.6130522425667732,1.1,1.2,4.7,18.385,9.6,846.3058419243986,0.5677537890195864
2016-06-10,1.0413926851582251,282.5,14.4,18.5,57.0,0.0,389.0,156.0,156.0,367.25,20.9,835.0,-77.75,3.5,3.05,0.8,1.4,9.27,20.93,849.0,,-85.75,2.1,,9.195,20.935000000000002,20.895,20.884999999999998,20.925,20.875,1.0,2016.0,6.0,10.0,162.0,485.5353535353535,856.0505050505051,0.5671807336959728,1.5,0.9,3.4,20.686666666666667,10.25,744.3399642685357,0.6014758059823425
2016-06-13,0.7781512503836436,198.0,6.6,20.335,61.5,0.0,425.0,127.5,127.5,301.15,20.365000000000002,832.0,-82.7,5.2,3.2,0.8,2.9,9.325,19.975,845.0,,-89.8,2.6500000000000004,,8.99,20.48,20.384999999999998,20.28,20.03,19.825,1.0,2016.0,6.0,13.0,165.0,458.26262626262627,860.969696969697,0.5322633628983059,3.6,1.1,4.1,20.240000000000002,10.816666666666668,736.6767676767677,0.5506719779671232
2016-06-16,1.4313637641589874,217.0,9.95,17.06,69.0,0.26,72.0,31.5,31.5,424.1,20.25,831.0,-77.5,6.35,3.4,0.9,2.5,8.51,20.2,842.0,,-94.5,3.2,,8.4,20.31,20.235,20.22,20.225,20.085,1.0,2016.0,6.0,16.0,168.0,245.31313131313132,469.47474747474746,0.5225267868669048,2.4,0.9,3.6,20.58666666666667,10.35,540.4579124579124,0.5091369911464342
2016-06-20,1.2899279582599572,286.5,10.45,17.89,58.5,0.0,360.0,97.5,97.5,343.6,19.025,828.0,-78.25,6.85,5.2,1.4,3.1,9.135,19.025,837.0,,-99.75,4.0,,8.92,19.075,19.015,19.01,19.02,18.915,1.0,2016.0,6.0,20.0,172.0,369.07070707070704,863.1414141414141,0.4275900808650572,3.1,1.6,6.2,19.395,11.4,711.8653198653197,0.4072315436937775
2016-06-23,1.255272505103306,156.0,9.350000000000001,17.835,66.5,0.0,153.0,96.85129460723547,96.85129460723547,327.4,19.585,830.8409090909091,-78.55,3.1,4.8,1.3,2.3,9.583957133288699,19.53,836.0,,-101.0,3.2,,8.76,19.65,19.57,19.53,19.53,19.415,1.0,2016.0,6.0,23.0,175.0,279.2640529260403,524.0102040816327,0.532936287787509,2.4,1.4,5.25,19.581666666666667,7.216666666666668,525.0000343571772,0.45013101799551897
2016-06-27,1.380211241711606,200.0,3.4,18.28,69.5,0.0,295.0,81.0,81.0,286.15,19.95,830.0,-86.44999999999999,4.8,6.4,1.7,4.8,9.18,19.625,835.0,,-100.15,5.25,,8.11,20.54,19.9,19.77,19.67,19.54,1.0,2016.0,6.0,27.0,179.0,250.9387755102041,656.469387755102,0.382255106164703,5.3,1.7,6.55,20.12,12.0,472.45578231292507,0.36777054088534916
2016-07-04,1.542976957099931,274.0,11.05,17.53,76.0,0.01,279.5,49.0,49.0,274.95,21.27,810.0,-85.0,8.25,9.45,2.5,7.7,8.995000000000001,21.275,814.0,,-108.6,9.5,,8.75,21.32,21.275,21.265,21.285,21.2,1.0,2016.0,7.0,4.0,186.0,153.29591836734693,610.1734693877551,0.25123333946519055,7.5,2.55,9.7,21.266666666666666,9.133333333333333,483.9931972789115,0.27694799255483055
2016-07-07,1.6334684555795864,201.0,5.7,17.67,79.0,0.23,154.0,20.0,20.0,264.6,22.28,804.0,-92.75625000000001,14.149999999999999,9.6,2.5,11.2,11.745000000000001,21.81,807.0,,-111.7,6.9,,8.55,22.33,22.275,22.115000000000002,21.945,21.6,1.0,2016.0,7.0,7.0,189.0,81.09775281598384,359.55102040816325,0.22555283732450948,11.5,2.6,9.75,21.92166666666667,6.616666666666666,622.4285714285713,0.22431092531419114
2016-07-11,1.591064607026499,307.5,7.6,17.115000000000002,83.0,0.14,58.0,7.0,7.0,245.7,22.445,804.0,-89.6,15.8,10.0,2.6,14.7,9.95,22.435000000000002,803.0,,-112.2,17.6,,9.565000000000001,22.5,22.45,22.44,22.47,22.275,1.0,2016.0,7.0,11.0,193.0,38.54639175257732,259.70103092783506,0.14842602516771863,14.1,2.7,10.4,22.525000000000002,7.0666666666666655,413.6391752577319,0.1705217642880826
2016-07-14,1.7708520116421442,180.0,4.75,17.725,82.0,0.0,184.0,16.0,16.0,228.65,20.71,798.0,-84.85,14.6,10.9,2.9,12.0,8.84,20.49,799.0,,-101.95,9.05,,7.47,21.4,20.68,20.59,20.515,20.42,1.0,2016.0,7.0,14.0,196.0,50.208333333333336,500.3541666666667,0.1003455885414498,11.6,2.8,10.6,20.875000000000004,12.533333333333331,450.02777777777766,0.13954745650709563
2016-07-18,1.70445081431542,124.0,5.4,21.725,71.0,0.0,345.5,48.5,48.5,150.14999999999998,21.925,790.0,-90.75,12.6,10.5,2.8,10.6,10.780000000000001,21.57,794.0,,-108.5,10.9,,8.67,22.1,21.875,21.69,21.62,21.46,1.0,2016.0,7.0,18.0,200.0,168.70526315789473,779.4,0.21645530299960833,10.9,2.9,10.9,21.608333333333334,6.483333333333332,754.754861111111,0.2197340704600076
2016-07-20,1.744214724814166,240.5,8.7,23.085,59.5,0.18,202.5,17.5,17.5,182.95,23.43,783.0,-92.3,16.7,9.05,2.4,15.0,10.64,23.14,793.0,,-116.15,16.35,,9.48,23.49,23.435000000000002,23.41,23.31,22.63,1.0,2016.0,7.0,20.0,202.0,100.93684210526315,704.1894736842105,0.14333761846393017,16.0,2.5,9.7,22.613333333333333,7.499999999999999,734.3157894736842,0.19148113795391006
2016-07-21,1.8388490907372552,250.5,6.65,20.78,64.0,0.0,334.5,21.5,21.5,174.85,23.49,782.0,-93.85,20.4,8.2,2.1,19.15,10.705,23.34,793.0,,-117.9,22.6,,9.934999999999999,23.564999999999998,23.52,23.47,23.365000000000002,23.15,1.0,2016.0,7.0,21.0,203.0,89.93684210526315,819.9894736842106,0.10968048370325677,19.2,2.4,9.0,23.135,7.916666666666664,747.8456140350877,0.15588953152179283
2016-07-25,1.7160033436347992,177.0,8.6,20.081868357604264,68.0,0.0,154.0,10.5,10.5,173.55,22.77,771.0,-98.05,28.55,8.350000000000001,2.313888888888889,30.13,10.754999999999999,22.435000000000002,780.0,,-117.07093781343954,9.2,,8.385,22.955,22.785,22.785,22.705,21.97,1.0,2016.0,7.0,25.0,207.0,41.45349250717411,532.9569892473119,0.07778018366119625,32.5,2.0,7.4,22.776666666666667,8.599999999999998,571.5069396781819,0.0881326844367915
2016-08-02,1.9077068814504248,180.0,8.1,19.89,66.5,0.0,309.0,5.0,5.0,140.7,22.24,788.0,-79.4,15.0,9.4,2.5,14.55,8.335,22.17,779.0,,-106.2,15.75,,7.385,22.305,22.255000000000003,22.244999999999997,22.255000000000003,22.06,1.0,2016.0,8.0,2.0,215.0,83.79333737412958,849.6703296703297,0.09861864590074743,12.4,2.2,8.4,22.763333333333332,8.266666666666664,748.7777910495302,0.11185515135239377
2016-08-08,1.8750612633917,180.0,8.1,19.67,79.0,0.57,106.0,8.0,8.0,154.2,21.88,785.0,-93.75,15.649999999999999,11.3,3.0,16.1,9.055,21.88,779.0,,-79.9,19.1,,8.66,21.96,21.895,21.88,21.89,21.81,1.0,2016.0,8.0,8.0,221.0,46.01123595505618,457.69662921348316,0.10052780164477722,14.8,3.6,13.5,21.933333333333334,8.099999999999998,570.0433208489388,0.11717712542149895
2016-08-11,2.0211892990699383,180.0,8.1,16.725,80.0,0.0,105.0,6.5,6.5,144.05,20.72,779.0,-99.05,21.7,14.850000000000001,3.9,25.6,9.375,20.78,773.0,,-55.0,32.2,,9.33,20.79,20.744999999999997,20.74,20.77,20.71,1.0,2016.0,8.0,11.0,224.0,35.85227272727273,525.4886363636364,0.06822654239560581,25.25,4.2,16.0,21.241666666666667,8.1,466.2920922710248,0.07269297442642159
2016-08-15,2.1748009371674724,180.0,8.1,20.0,77.5,0.0,129.5,1.0,1.0,74.15,22.564999999999998,698.5,-116.75,31.3,12.9,3.4,29.700000000000003,17.759999999999998,20.72,772.0,,-64.8,19.6,,4.08,22.93,22.575,22.17,21.244999999999997,20.53,1.0,2016.0,8.0,15.0,228.0,24.302325581395348,552.8488372093024,0.04395835524240193,27.95,3.4,13.0,21.784999999999997,8.1,694.9193093727977,0.05564065452083439
2016-08-18,2.2013971243204513,180.0,8.1,17.06,70.0,0.0,98.5,5.5,5.5,97.35,21.36,761.0,-101.0,24.7,11.8,3.1,27.0,10.455,21.42,749.0,,-108.75,33.55,,10.455,21.44,21.384999999999998,21.375,21.41,21.36,1.0,2016.0,8.0,18.0,231.0,42.66279069767442,597.2790697674419,0.07142857142857142,27.8,3.4,12.8,21.804999999999996,8.099999999999998,591.282945736434,0.06487275114400844
2016-08-22,2.0253058652647704,180.0,8.1,19.225,56.0,0.0,141.5,5.5,5.5,66.0,20.865000000000002,759.0,-110.2,28.7,15.9,4.2,32.7,12.965,19.725,755.0,,-109.95,24.0,,5.074999999999999,20.95,20.86,20.79,20.205,19.51,1.0,2016.0,8.0,22.0,235.0,30.75,550.7261904761905,0.05583536888523811,38.3,4.3,16.5,20.404999999999998,8.099999999999998,655.7637721755369,0.05898796708798967
2016-08-25,2.0293837776852097,180.0,8.1,18.777178345282664,76.0,0.0,80.0,6.0,6.0,315.059628554845,18.57,758.3703703703704,-101.59814814814814,23.6,16.066666666666666,4.1,31.85,9.392299587564544,18.35,748.0,,-124.55,33.9,,7.7,18.65,18.59,18.56,18.465,18.165,1.0,2016.0,8.0,25.0,238.0,43.59197180467617,277.2530120481928,0.15722812705493316,31.1,4.1,15.7,19.206666666666667,8.1,323.3779881430484,0.08966627202836343
2016-08-29,1.760589083320454,250.0,3.3,18.777178345282664,69.0,0.0,134.0,10.0,10.0,315.059628554845,18.07,764.0,-96.8,16.1,16.8,4.4,21.5,8.6,17.69,763.0,,-119.1,25.8,,7.64,19.14,18.04,17.82,17.69,17.61,1.0,2016.0,8.0,29.0,242.0,97.27160493827161,727.074074074074,0.1337849999151003,21.9,4.4,16.6,18.095,4.449999999999999,676.6056003598858,0.12280004182089845
2016-09-06,1.9294189257142926,192.0,10.3,13.11708523701018,65.33411831870406,0.0,67.0,7.0,7.0,466.9765086656913,16.96,777.0,-81.7,12.3,16.85,4.4,19.1,7.085,16.875,776.0,,-108.5,24.3,,6.81,17.05,16.98,16.965,16.92,16.75,1.0,2016.0,9.0,6.0,250.0,74.46835443037975,575.4050632911392,0.12941901137338585,19.1,4.7,18.0,17.720000000000002,8.999999999999998,346.19831223628694,0.13376126741355351
2016-09-12,1.9138138523837167,218.5,11.75,7.0,81.0,0.0,21.0,6.0,6.0,466.9765086656913,15.015,777.2142857142858,-74.54523809523809,14.0,13.8,3.6,20.6,7.835,15.094999999999999,774.0,,-105.3,26.4,,7.97,15.09,15.024999999999999,15.02,15.06,15.035,1.0,2016.0,9.0,12.0,256.0,43.35098561226895,160.71428571428572,0.2697394660318957,20.1,4.1,15.5,15.703333333333333,9.683333333333332,294.3376623376623,0.16811051626346116
2016-09-14,1.8512583487190752,211.0,7.0,10.89,73.0,0.0,46.5,5.5,5.5,466.9765086656913,13.94,791.0,-83.55,15.2,17.55,4.6,19.55,9.145,13.715,794.0,,-108.25,27.65,,8.24,14.03,13.955,13.934999999999999,13.74,13.63,1.0,2016.0,9.0,14.0,258.0,80.39473684210526,697.3157894736842,0.11529172012982113,21.1,5.0,18.95,14.34666666666667,8.683333333333332,520.6416040100252,0.17156191325773398
2016-09-19,1.8260748027008264,296.0,11.35,12.280000000000001,65.16705915935202,0.0,264.0,19.5,19.5,466.9765086656913,14.23,798.0,-82.5,15.6,16.5,4.3,16.7,8.68,14.285,799.0,,-111.3,21.8,,8.495000000000001,14.325,14.24,14.23,14.25,14.195,1.0,2016.0,9.0,19.0,263.0,68.4931506849315,656.3972602739726,0.1043471001940856,15.7,4.5,17.0,14.35,12.066666666666663,556.7855732444774,0.115616623351054
2017-05-09,0.9913236867210572,37.0,11.5,15.0,41.0,0.0,220.0,79.0,79.0,516.4676261829651,13.96,902.8071,-60.4,2.2,10.5,2.1,0.9,10.77,14.02,904.0,,-99.4,3.8,,9.48,12.88,12.79,12.78,12.82,12.77,1.0,2017.0,5.0,9.0,129.0,286.9268292682927,533.780487804878,0.5375371258853097,0.9,2.2,10.9,14.258333333333335,12.799999999999997,589.649339449707,0.25472817887221605
2017-05-15,0.7715874808812554,196.5,7.9,10.78,64.0,0.0,257.0,115.5,115.5,516.4676261829651,14.35,897.6006,-59.7,1.7,6.8,1.4,0.9,10.0,14.4,904.0,,-97.3,2.3,,10.44,10.225000000000001,10.125,10.11,10.15,10.11,1.0,2017.0,5.0,15.0,135.0,277.0430107526882,463.9139784946237,0.5971861672538475,1.0,1.4,7.1,14.481666666666667,12.383333333333331,523.7347670250897,0.6273674663928438
2017-05-23,0.8355837725130077,191.5,7.25,17.585,34.5,0.0,260.0,119.5,119.5,516.4676261829651,15.73,906.9723,-65.2,0.95,10.75,2.2,0.4,10.6,15.45,914.0,,-98.4,1.289694034046586,,9.61444355994267,15.67696752461089,15.673578709198019,16.47968650999875,17.056666259777323,16.83468173711983,1.0,2017.0,5.0,23.0,143.0,434.70526315789476,615.3368421052631,0.7064508955300478,0.5,2.5,12.6,15.268333333333333,9.349999999999996,605.2280701754386,0.6964939063483767
2017-06-05,0.9304888158926068,179.0,10.9,17.748680565578084,63.35234657039711,0.0,145.0,71.5,71.5,288.87134723682897,18.634999999999998,914.0,-69.2,2.1500000000000004,14.850000000000001,3.0,0.6,9.004999999999999,18.68,944.8304,,-106.12984642265927,1.4207808245008515,,8.95855725401727,18.672393122359562,18.647678874150557,18.726476799883702,18.759015811170418,18.55993259680782,1.0,2017.0,6.0,5.0,156.0,250.340206185567,418.70103092783506,0.597897276801103,0.6,3.0,15.1,18.226666666666667,12.683333333333332,629.6597938144329,0.6229782027202743
2017-06-12,0.9836262871245345,179.0,8.7,17.748680565578084,63.35234657039711,0.0,153.0,96.85129460723547,96.85129460723547,288.87134723682897,18.98163106731918,927.8055423076923,-69.10384615384615,1.9,8.9,1.8,1.0826923076923078,8.995000000000001,18.875,949.096,,-106.12984642265927,1.7484978006365162,,8.95855725401727,18.917004598798833,18.87584214155826,18.887589782520834,18.818344296062463,18.628809346927934,1.0,2017.0,6.0,12.0,163.0,212.1947713654635,380.83838383838383,0.5571780061316312,1.1,2.1,10.3,19.130543689106393,8.699999999999998,530.137875352161,0.5632549790102085
2017-06-19,0.9345850616816525,179.0,8.7,17.748680565578084,63.35234657039711,0.0,167.5,64.0,64.0,288.87134723682897,18.195,942.9847,-69.45,2.4,11.9,2.4,1.1,8.975000000000001,18.285,947.0,,-106.12984642265927,1.7484978006365162,,8.95855725401727,18.21063925774527,18.18905221186873,18.399718592518088,18.566686693121625,18.37869304767998,1.0,2017.0,6.0,19.0,170.0,370.27272727272725,675.0,0.5485521885521886,1.1,2.5,12.4,18.00166666666667,8.699999999999996,546.3232323232323,0.5351118351012959
2017-07-03,0.9542425094393249,125.0,7.75,21.64,72.0,0.1,327.5,120.0,120.0,287.07942409961305,19.575,954.0,-75.9,1.7,8.1,1.6,1.0,9.07,18.87,952.0,,-117.07093781343954,1.682954405409383,,7.997254839934219,19.664862434958543,19.6346542454811,19.27379104026962,18.809025219228083,18.48205270823281,1.0,2017.0,7.0,3.0,184.0,465.265306122449,753.2551020408164,0.6176729568268331,1.2,1.9,9.2,18.873333333333335,8.899999999999999,656.6666666666666,0.598616988139084
2017-07-04,0.8628148532392261,194.5,9.35,20.78,63.0,0.0,315.0,106.0,106.0,287.07942409961305,20.455,956.0,-76.7,1.6,7.8,1.6,1.1,9.29,20.490000000000002,953.0,,-117.07093781343954,1.7484978006365162,,7.997254839934219,20.57015838845336,20.523698269721585,20.089597552752753,19.72749900318137,19.460693408562783,1.0,2017.0,7.0,4.0,185.0,449.2448979591837,809.969387755102,0.5546442924272774,1.1,1.7,8.4,19.515,10.216666666666665,724.061224489796,0.5884052682785773
2017-07-10,1.327786546477588,166.0,9.649999999999999,22.115000000000002,66.42791210100047,0.0,154.0,61.5,61.5,287.07942409961305,23.76,946.0,-87.6,9.3,11.9,2.4,5.6,11.19,23.09,949.0,,-117.07093781343954,5.582786421423791,,7.997254839934219,23.973908004579002,23.894085533498682,22.48323899838015,21.11742343251978,20.853989649257286,1.0,2017.0,7.0,10.0,191.0,207.37140094994547,474.4639175257732,0.4370646392487389,8.0,2.4,11.9,23.45166666666667,7.583333333333331,569.541973490427,0.4049403250026926
2017-07-11,1.3981136917305026,64.5,12.0,18.78,76.0,0.0,170.0,51.5,51.5,287.07942409961305,23.155,943.0,-82.15,7.6,14.55,2.9,6.0,9.065000000000001,23.25,947.0,,-117.07093781343954,4.960124166766028,,7.997254839934219,23.32710558926223,23.263393702603874,22.14976415111688,21.214874042199085,21.131014619302125,1.0,2017.0,7.0,11.0,192.0,103.90721649484536,337.1340206185567,0.3082074490856828,5.7,2.6,12.9,23.42166666666667,8.78333333333333,518.8247422680412,0.3607661656954871
2017-07-17,1.5367233698040712,287.0,14.0,17.92,60.5,0.0,257.0,63.0,63.0,287.07942409961305,22.42,921.0,-86.85,3.3,21.0,4.2,3.9,8.555,22.52,937.0,,-117.07093781343954,3.583712866996237,,7.997254839934219,22.58472051568493,22.52873129801455,21.5960114867366,20.824746780449416,20.72426629483822,1.0,2017.0,7.0,17.0,198.0,271.0833333333333,714.03125,0.37965191766233386,4.0,4.6,22.799999999999997,22.69666666666667,12.999999999999998,718.5243055555555,0.4026905883439436
2017-07-24,1.5797835966168101,271.0,15.0,20.835,57.0,0.0,226.0,50.5,50.5,287.07942409961305,22.46,910.5,-88.55,6.0,17.6,3.5,5.3,8.76,22.56,930.0,,-117.07093781343954,4.501320400176097,,7.997254839934219,22.61766011549679,22.561314405718775,21.624516638052572,20.85132389851879,20.749646145851887,1.0,2017.0,7.0,24.0,205.0,243.88297872340425,815.3297872340426,0.2991218799337169,4.9,3.6,17.9,22.42,10.016666666666664,741.6028368794326,0.3390398996204374
2017-07-31,1.8165749530927193,177.0,8.6,20.081868357604264,66.42791210100047,0.0,208.0,28.5,28.5,287.07942409961305,23.27,874.0,-93.4,13.3,21.2,4.3,10.6,10.105,23.314999999999998,904.0,,-117.07093781343954,7.9751203472141405,,7.997254839934219,23.453761078393995,23.390630751740815,22.22686342730124,21.24452846609446,21.151366657456137,1.0,2017.0,7.0,31.0,212.0,135.97826086956522,682.195652173913,0.1993244319811351,10.7,4.5,22.25,23.051666666666666,7.399999999999996,711.0724637681159,0.21675247326819505
2017-08-03,1.9737338964792326,180.0,8.1,18.777178345282664,65.7462309843782,0.0,80.0,7.5,7.5,315.059628554845,21.695,881.7095238095238,-92.6,22.9,26.911290322580644,5.4,17.1,9.015,21.59,906.0,,-114.75650402397534,10.859029737207988,,7.58617597698391,21.83977334146167,21.775017779650508,21.02013159805201,20.312380885715974,20.132778098191018,1.0,2017.0,8.0,3.0,215.0,57.565331875775215,414.4065934065934,0.1389102702313793,15.2,5.6,27.5,22.19,8.099999999999996,444.8879598662208,0.14779534467538677
2017-08-08,2.1203435624380247,180.0,8.1,18.5,73.0,0.0,94.5,4.0,4.0,106.875,21.2,840.0,-99.85,14.6,25.0,5.0,26.5,10.98,21.23,894.0,,-95.95,18.396520188328275,,7.58617597698391,21.323385816699098,21.268337266107352,20.664718435995717,20.142435912198366,20.005927994304685,1.0,2017.0,8.0,8.0,220.0,10.311111111111112,213.5222222222222,0.048290576052453564,24.65,5.2,25.8,21.333333333333332,8.099999999999996,575.9592592592593,0.057141286014902405
2017-08-10,2.2940306110125412,183.0,5.0,16.725,76.5,0.0,80.0,2.0,2.0,100.69999999999999,20.759999999999998,860.7222222222222,-101.9,15.0,27.1,5.5,29.4,10.45,20.52,879.0,,-97.9,20.03510506900659,,7.58617597698391,20.837911141137425,20.789287024809667,20.32003502596924,19.705915270119203,19.38941788991898,1.0,2017.0,8.0,10.0,222.0,27.395572237021405,557.6931818181819,0.04912301805036745,29.049999999999997,5.5,27.3,20.92,7.849999999999997,487.10176389361783,0.05499445397444332
2017-08-14,1.875102278165641,156.0,10.8,18.777178345282664,65.7462309843782,0.0,46.5,4.5,4.5,81.125,20.25,856.0,-105.1,6.65,22.7,4.6,18.9,10.434999999999999,20.36,856.0,,-110.9,13.415222151066171,,7.58617597698391,20.346794514852284,20.306804303962053,19.95598869485768,19.67020505503815,19.52480545855805,1.0,2017.0,8.0,14.0,226.0,42.52272727272727,343.77272727272725,0.12369430120322625,18.8,4.7,23.5,20.478333333333335,9.599999999999996,604.5871212121211,0.13873552241859285
2017-08-16,1.9216544673209028,180.0,8.1,18.777178345282664,58.0,0.0,136.5,8.0,8.0,63.3,20.445,841.0,-109.95,7.95,21.1,4.3,21.05,11.010000000000002,20.08,842.0,,-112.4,14.824405148449529,,7.58617597698391,20.54747895608176,20.49406606480306,20.058156249986517,19.491655553031396,19.287079338665457,1.0,2017.0,8.0,16.0,228.0,54.23255813953488,583.3953488372093,0.09296021685402216,21.55,4.2,21.05,20.35166666666667,8.999999999999996,540.4046843738103,0.11065125980884365
2017-08-21,2.0171794715073994,283.0,12.8,15.030000000000001,65.7462309843782,0.0,80.0,12.0,12.0,79.95,18.93,841.0,-104.30625,7.8,17.25,3.5,19.5,9.392299587564544,18.915,840.0,,-113.25,13.80848252242897,,7.58617597698391,18.906325458785354,18.830564368350323,18.868732484326344,18.909533020356882,18.746557864673594,1.0,2017.0,8.0,21.0,233.0,69.13400156263883,335.11764705882354,0.206297705207102,19.7,3.8,18.8,19.473333333333333,16.08333333333333,443.8996808025536,0.1251349642413815
2017-08-23,2.221299454163324,103.5,8.1,18.777178345282664,57.0,0.0,139.5,12.0,12.0,67.1,18.965,835.5,-109.8,7.8,17.1,3.4,18.2,10.93,18.42,841.0,,-104.30000000000001,12.95641838447624,,7.58617597698391,19.068964133463798,18.984226108899815,18.843448633173974,18.601266880820653,18.313616349762082,1.0,2017.0,8.0,23.0,235.0,84.11904761904762,692.2619047619048,0.12151332760103181,18.2,3.5,17.5,18.855000000000004,9.699999999999996,500.92413632119514,0.15318556893736357
2017-08-25,1.9967888550310608,180.0,8.1,18.777178345282664,65.7462309843782,0.0,40.5,5.0,5.0,89.35,19.14,828.0,-103.5,5.6,15.8,3.2,15.5,9.295,19.19,824.0,,-108.5,11.186746713343652,,7.58617597698391,19.19247207406822,19.156829950247708,19.09869408654499,19.030601515105204,18.82785806046726,1.0,2017.0,8.0,25.0,237.0,89.86904761904762,581.5357142857143,0.1545374521484575,15.3,3.5,17.2,18.980000000000004,8.099999999999996,599.468253968254,0.15017079833905003
2017-08-28,1.5093423345796202,180.0,8.1,18.777178345282664,65.7462309843782,0.0,119.5,17.5,17.5,70.65,20.259999999999998,826.0,-109.8,2.4,15.05,3.0,7.55,11.684999999999999,18.94,823.0,,-76.75,5.976046792786588,,7.58617597698391,20.427977253110235,20.224786873485037,19.54312546022873,18.802514860203004,18.221658958351682,1.0,2017.0,8.0,28.0,240.0,181.109756097561,689.6341463414634,0.26261715296198057,7.6,3.0,15.0,19.878333333333334,8.099999999999994,663.5045548045841,0.22699297505127178
2017-09-05,1.6131861871396043,281.5,10.3,12.39,65.33411831870406,0.0,21.0,13.0,13.0,249.9,17.275,834.0,-79.72857142857143,8.060946307977993,18.85,3.8,6.05,8.934999999999999,17.46,827.0,,-87.1,5.0912109572202935,,8.466566692975524,17.491761490629933,17.453105406060303,17.831452558925285,18.117783244480336,17.876350489774,1.0,2017.0,9.0,5.0,248.0,130.36741635626214,420.2911392405063,0.3101835946193028,6.2,3.8,19.1,17.868333333333336,18.86666666666666,537.6601552325884,0.2541084944361776
2017-09-07,1.3351930306902706,192.0,10.3,15.14,58.5,0.0,21.0,13.0,13.0,140.6,18.11,774.0,-92.55,5.695017561784056,14.0,2.8,3.6,11.05,17.375,814.0,,-85.35,3.4526260765419714,,8.466566692975524,18.275083444295916,18.195687541796733,18.151576645035412,18.043911051982075,17.722135622744485,1.0,2017.0,9.0,7.0,250.0,161.99519890779453,400.9746835443038,0.40400355821939476,3.6,2.8,13.8,17.605000000000004,8.899999999999997,503.07172995780587,0.3463583043992882
2017-09-11,1.3979400086720377,206.0,10.3,17.64,50.0,0.0,59.0,14.0,14.0,203.35,17.61,810.0,-85.05000000000001,1.7,16.65,3.4,4.7,9.350000000000001,17.695,809.0,,-89.65,4.1080600288133,,8.466566692975524,17.60794693639984,17.589041003404475,17.955469456617536,18.247761027363147,18.03100918524224,1.0,2017.0,9.0,11.0,254.0,179.94805194805195,560.077922077922,0.3212911004962204,4.8,3.6,18.0,17.615,16.71666666666666,508.82994782994774,0.3103367540955872
2017-09-12,1.4704104909759306,190.0,12.5,16.945,44.0,0.0,32.5,7.5,7.5,185.35000000000002,17.48,812.0,-86.2,1.7,16.1,3.2,4.4,9.385000000000002,17.59,811.0,,-91.55,3.9114298431319017,,8.466566692975524,17.4768342252692,17.46204047574523,17.862058845516128,18.18866313984195,17.979945004345645,1.0,2017.0,9.0,12.0,255.0,178.2207792207792,569.5844155844156,0.3128961648958,4.4,3.5,17.2,17.573333333333334,14.583333333333329,540.2640692640692,0.3051278509253338
2017-09-21,1.3686215439654934,274.5,15.1,7.529999999999999,69.0,0.0,21.5,6.0,6.0,466.9765086656913,13.27,801.0,-78.8,1.1,11.8,2.4,4.1,9.395,13.355,803.0,,-86.7,3.7147996574505027,,8.466566692975524,13.108790508295545,13.12836686798219,14.673606771688156,15.945691968344093,15.679111481796962,1.0,2017.0,9.0,21.0,264.0,188.44594594594594,546.472972972973,0.34484037686391844,4.3,2.6,12.7,13.618333333333334,15.899999999999993,472.9279279279279,0.3361998083524092
2017-10-05,1.1504494094608806,197.0,10.8,8.296688220410331,68.78471051152333,0.0,11.5,3.0,3.0,974.9969314079409,10.375,785.0,-73.025,0.6,10.149999999999999,2.0,2.9,10.28,10.17,776.0,,-77.3,2.993822309952041,,8.797561192701384,10.165063451459307,10.167119785432055,12.388411303028445,14.213896713684399,13.856124642285318,0.0,2017.0,10.0,5.0,278.0,156.21282365180886,365.8529411764706,0.4269825552023073,3.0,2.3,11.5,10.578333333333335,10.799999999999995,388.33262290423414,0.38085174944598804
2018-05-23,0.725094521081469,140.5,6.15,17.0,78.5,0.0,11.0,45.0,45.0,516.4676261829651,15.663219570405717,654.8923172093305,-61.88923172093304,9.867369282096375,5.435495941338001,0.9312682941549232,0.2599308971302696,9.912755698770724,18.621023501283197,851.2914209671117,,-100.35120320855617,6.583323506371965,,9.61444355994267,17.365000000000002,17.28,17.17,16.705,16.45,1.0,2018.0,5.0,23.0,143.0,342.6,58.642105263157895,5.842218632202478,0.2632276170071517,0.9329883219167747,5.442949394972691,15.66321957040572,7.133333333333328,66.72631578947369,5.64043724564531
2018-05-28,0.6732025738818344,151.0,6.9,22.445,43.0,0.0,15.0,80.5,80.5,516.4676261829651,15.663219570405717,652.4806572316606,-61.648065723166056,9.867369282096375,5.322517275717432,0.9051962943963305,0.2099595642596337,9.912755698770724,19.719743447049225,851.2914209671117,,-100.35120320855617,6.583323506371965,,9.61444355994267,20.115000000000002,20.045,20.005,19.95,19.595,1.0,2018.0,5.0,28.0,148.0,367.5257731958763,78.49484536082474,4.6821644339374835,0.21332568876550306,0.9069525332689579,5.330127644165485,15.66321957040572,7.733333333333328,74.25094991559655,4.901685954898728
2018-06-04,0.9030899869919435,133.5,13.05,18.835,71.0,0.0,161.5,73.5,73.5,288.87134723682897,17.975,642.0,-66.6,1.8,10.9,1.9,0.8,9.04,17.775,646.0,,-94.9,0.8,,8.745000000000001,18.125,18.05,18.04,17.875,17.7,1.0,2018.0,6.0,4.0,155.0,290.11340206185565,575.7422680412371,0.503894569090551,0.8,2.0,11.2,17.660000000000004,13.583333333333329,511.1786941580756,0.3639889969639038
2018-06-07,0.5797835966168101,124.0,8.350000000000001,17.748680565578084,63.35234657039711,0.0,153.0,92.42564730361774,92.42564730361774,288.87134723682897,18.98163106731918,644.0,-67.0,1.4,10.0,1.8,0.7,8.995000000000001,18.770000000000003,646.0,,-97.80000000000001,0.7,,8.9,19.07,18.985,18.965,18.82,18.615000000000002,1.0,2018.0,6.0,7.0,158.0,231.09403607435536,509.4183673469388,0.4536429208037743,0.7,1.9,10.850000000000001,18.40887702243973,7.916666666666662,563.1532014867803,0.4296645963027868
2018-06-08,0.9397653457357111,81.0,6.0,16.835,85.0,0.01,132.5,68.0,68.0,288.87134723682897,19.08,642.0,-66.9,1.6,11.2,2.0,0.8,8.68,19.16,645.0,,-95.8,0.8,,8.51,19.25,19.17,19.14,19.17,19.06,1.0,2018.0,6.0,8.0,159.0,120.37755102040816,221.20408163265307,0.5441922686594705,0.8,1.9,10.649999999999999,18.785543689106394,6.833333333333329,456.9531874605512,0.478036803220649
2018-06-11,0.7781512503836436,268.0,13.6,14.78,48.0,0.0,292.0,105.5,105.5,288.87134723682897,19.085,641.0,-67.0,2.6,10.55,1.85,1.1,8.425,19.235,644.0,,-96.9,1.2,,8.425,19.25,19.18,19.18,19.21,19.16,1.0,2018.0,6.0,11.0,162.0,267.989898989899,717.3939393939394,0.37356030525752587,1.2,1.9,11.1,19.353333333333335,13.916666666666663,578.1823335394764,0.4089311018646333
2018-06-13,0.7427251313046983,223.5,5.4,16.78,63.17617328519856,0.0,153.0,96.85129460723547,96.85129460723547,288.87134723682897,18.605,645.0,-70.04375,2.5,7.95,1.4,1.1,8.855,18.57,646.0,,-100.5,1.1,,8.765,18.775,18.7,18.675,18.585,18.355,1.0,2018.0,6.0,13.0,164.0,160.37140827382356,468.9191919191919,0.3420022277558222,1.1,1.7,9.5,18.70833333333334,11.199999999999996,639.4915824915826,0.3614905112067928
2018-06-18,1.3617278360175928,211.5,4.1,19.085,63.0,0.0,385.0,76.0,76.0,288.87134723682897,20.79,640.0,-89.0,5.85,13.2,2.3,3.65,12.55,18.71,646.0,,-96.35,1.6,,8.045,21.12,20.805,19.555,18.77,18.54,1.0,2018.0,6.0,18.0,169.0,190.7070707070707,786.5050505050505,0.24247405733073052,9.5,2.5,14.1,19.50166666666667,4.7999999999999945,636.10101010101,0.30437151810236424
2018-06-19,1.3839947894417328,219.5,3.5,17.748680565578084,65.0,0.0,153.0,96.85129460723547,96.85129460723547,288.87134723682897,20.225,637.0,-91.3875,4.35,12.4,2.2,2.5145833333333334,12.465,18.75,647.0,,-95.35,3.5,,7.63,20.62,20.18,19.53,18.82,18.57,1.0,2018.0,6.0,19.0,170.0,130.65232096935773,382.44444444444446,0.3416243139814699,2.3,2.2,12.4,19.99833333333334,3.9666666666666615,617.1245791245791,0.28278412258660085
2018-06-21,1.2828486028346449,155.0,5.2,19.5,61.5,0.0,177.0,96.85129460723547,96.85129460723547,189.5,21.76,611.0454545454545,-94.4,6.8,13.1,2.3,3.4,15.78,18.85,651.0,,-85.25,3.1,,6.28,22.185000000000002,21.83,21.375,19.14,18.51,1.0,2018.0,6.0,21.0,172.0,152.56073682901368,465.6363636363636,0.327639223959225,3.2,2.2,12.3,21.220000000000002,4.266666666666662,513.4276094276095,0.33967765841699715
2018-06-25,1.4111685022887335,147.0,11.5,21.945,67.0,0.0,178.5,59.5,59.5,345.5,21.99,631.0,-79.0,4.4,14.350000000000001,2.5,3.1,9.305,20.745,629.0,,-92.45,2.6,,6.29,22.165,22.095,22.075,21.825,19.345,1.0,2018.0,6.0,25.0,176.0,152.72103725984815,587.6326530612245,0.25989202006433837,3.1,2.2,12.649999999999999,21.99,7.5499999999999945,551.969387755102,0.30560179614532973
2018-07-03,1.8884322437936814,276.0,5.9,18.115000000000002,66.0,0.04,154.0,20.0,20.0,219.5,21.244999999999997,617.0,-91.71818181818182,17.25,22.8,4.0,11.6,10.1,20.77,618.5,,-113.35,9.149999999999999,,9.01,21.07,20.98,20.91,20.85,20.59,1.0,2018.0,7.0,3.0,184.0,60.87376614350557,561.265306122449,0.10845809544875909,12.5,3.95,22.6,21.205000000000002,8.599999999999996,595.6666666666666,0.12439997413706055
2018-07-06,1.8506462351830666,151.0,13.350000000000001,26.615000000000002,63.5,0.0,158.0,30.5,30.5,172.0,20.905,599.0,-94.6,16.0,17.345454545454544,3.0,10.95,10.004999999999999,20.64,599.0,,-119.85,13.75,,9.54,20.895,20.814999999999998,20.785,20.695,20.445,1.0,2018.0,7.0,6.0,187.0,74.3011525109424,561.2857142857143,0.1323767033791287,8.55,3.0,17.1,20.718333333333337,12.116666666666665,607.1292517006804,0.10128558415706089
2018-07-09,1.976258249257045,190.0,11.5,20.081868357604264,72.0,0.0,154.0,5.0,5.0,165.5,22.72,590.0,-94.7,22.8,23.8,4.2,15.8,10.035,22.79,590.5,,-121.6,19.6,,9.399999999999999,22.89,22.835,22.814999999999998,22.85,22.54,1.0,2018.0,7.0,9.0,190.0,39.71506320759001,473.36082474226805,0.08390019015454811,25.0,4.7,26.9,22.34833333333334,10.899999999999997,669.6951048460622,0.09899190101497062
2018-07-12,1.8048887446223913,309.5,8.6,20.081868357604264,66.42791210100047,0.0,154.0,17.0,17.0,261.0,22.06281981442701,589.0,-84.4,23.1,20.9,3.7,21.50714285714286,8.785,22.1,591.0,,-116.15,20.95,,7.997254839934219,22.115000000000002,22.06,22.064999999999998,22.1,21.825,1.0,2018.0,7.0,12.0,193.0,48.875755949382565,447.9484536082474,0.10911022363329058,16.4,3.7,21.3,22.197606604809007,10.983333333333329,438.0343642611684,0.09356966004147459
2018-07-16,1.7735304721389142,159.0,4.0,18.78,60.0,0.0,154.0,41.5,41.5,287.07942409961305,21.03,592.6666666666667,-86.83333333333333,10.6,27.75,4.9,14.95,8.58,20.84,597.0,,-97.95,12.4,,5.635,21.685000000000002,21.134999999999998,21.03,20.91,20.72,1.0,2018.0,7.0,16.0,197.0,90.16469121726963,635.1041666666666,0.14196835094075588,11.850000000000001,4.2,24.0,21.62666666666667,12.549999999999997,627.7708333333334,0.1178538267886461
2018-07-17,1.5987905067631152,141.5,9.3,23.39,61.5,0.0,242.0,45.5,45.5,300.0,21.310000000000002,589.0,-81.05,7.7,23.3,4.1,12.6,6.8,20.925,593.0,,-95.80000000000001,13.149999999999999,,4.75,21.525,21.43,21.36,21.045,20.74,1.0,2018.0,7.0,17.0,198.0,122.66666666666667,714.6770833333334,0.17163928930606773,12.9,4.15,23.65,21.21666666666667,8.999999999999995,697.5833333333334,0.15027019483867132
2018-07-18,1.698709349442587,177.0,8.6,22.945,63.0,0.0,152.0,29.5,29.5,272.5,21.99,587.75,-86.05357142857143,8.8,25.3,4.4,11.5,8.16,21.695,592.0,,-104.75,12.9,,6.52,21.990000000000002,21.884999999999998,21.8,21.845,21.47,1.0,2018.0,7.0,18.0,199.0,88.2845875290965,386.2421052631579,0.22857318331191692,12.7,4.5,25.7,21.44333333333334,7.2999999999999945,578.674451754386,0.18072694118624685
2018-07-23,1.4771212547196624,313.5,25.4,17.615000000000002,61.5,0.0,174.5,38.0,38.0,333.0,20.99,589.5,-76.85,7.3,24.7,4.3,10.3,7.76,21.14,592.0,,-104.80000000000001,12.4,,7.955,21.155,21.09,21.075,21.11,21.06,1.0,2018.0,7.0,23.0,204.0,123.95744680851064,703.063829787234,0.1763103740467256,10.850000000000001,4.6,26.0,21.743333333333336,26.58333333333333,619.157969391564,0.1945068915666098
2018-07-24,1.6127838567197355,316.0,14.7,16.78,65.0,0.0,254.5,43.0,43.0,352.5,20.715,587.0,-77.69999999999999,7.5,24.9,4.4,9.9,7.74,20.86,590.0,,-104.7,12.1,,7.84,20.895,20.83,20.82,20.84,20.77,1.0,2018.0,7.0,24.0,205.0,118.68085106382979,644.8723404255319,0.18403774456432084,10.0,4.6,26.05,21.21666666666667,22.24999999999999,669.9645390070922,0.1746552204036704
2018-07-25,1.3096301674258988,301.5,18.9,16.03,71.0,0.03,189.0,34.5,34.5,388.0,20.314999999999998,588.0,-75.15,7.3,22.8,4.0,8.3,7.235,20.48,590.0,,-102.55,10.7,,7.47,20.49,20.42,20.41,20.45,20.4,1.0,2018.0,7.0,25.0,206.0,97.88297872340425,473.0531914893617,0.20691748937414262,8.4,4.35,24.85,20.673333333333336,19.66666666666666,606.9964539007092,0.18908853599506303
2018-07-26,1.4649465138078757,234.5,7.9,15.06,72.0,0.0,260.0,48.0,48.0,330.0,20.19,591.0,-81.05000000000001,7.4,23.5,4.1,7.75,8.035,20.0,594.0,,-92.1,11.3,,6.17,20.43,20.34,20.26,20.14,19.88,1.0,2018.0,7.0,26.0,207.0,100.86021505376344,473.8494623655914,0.21285286375601342,8.7,4.3,24.3,20.406666666666666,13.833333333333327,530.5916647601617,0.20126936589815894
2018-07-30,1.5017437296279945,265.0,7.1,21.53,55.0,0.0,243.5,47.0,47.0,139.0,22.75,594.0,-100.4,7.4,17.95,3.1,3.2,11.955,19.73,603.0,,-76.0,10.149999999999999,,3.1900000000000004,23.105,23.0,22.47,21.475,19.57,1.0,2018.0,7.0,30.0,211.0,144.6413043478261,643.6304347826087,0.224727260445165,3.1,3.1,17.7,21.25666666666667,6.583333333333329,643.729858189185,0.2013941049797174
2018-07-31,1.5440680443502757,37.5,18.0,17.725,70.0,0.0,108.5,23.5,23.5,151.0,22.045,595.0,-95.95,7.2,17.95,3.1,3.95,10.035,22.075,597.0,,-122.75,5.4,,9.83,22.22,22.16,22.145,22.165,21.92,1.0,2018.0,7.0,31.0,212.0,76.32608695652173,382.4891304347826,0.19955099604990195,3.7,3.2,18.05,21.820000000000004,10.299999999999995,568.735195574256,0.20281389742057773
2018-08-03,1.4439416040389128,218.0,13.1,22.92,60.5,0.06,223.5,35.0,35.0,174.5,22.735,596.5,-93.1,8.6,19.95,3.5,6.6,9.96,21.695,600.0,,-107.44999999999999,8.5,,6.255000000000001,22.965,22.880000000000003,22.71,21.85,21.33,1.0,2018.0,8.0,3.0,215.0,132.6005622950001,640.3076923076923,0.2070888166548536,6.7,3.5,19.9,21.826666666666668,14.999999999999995,622.1960901417424,0.20986190270557406
2018-08-07,1.462397997898956,312.0,11.1,21.945,61.5,0.0,167.0,32.5,32.5,213.0,22.185000000000002,599.0,-89.6,8.7,20.75,3.6,6.1,9.145,22.195,600.0,,-116.8,7.0,,8.719999999999999,22.435000000000002,22.305,22.275,22.229999999999997,21.705,1.0,2018.0,8.0,7.0,219.0,117.63333333333334,596.6666666666666,0.19715083798882685,6.1,3.6,20.65,21.918333333333337,8.966666666666663,543.4074074074074,0.1919407720996368
2018-08-08,1.7323937598229686,314.0,12.0,20.365000000000002,64.0,0.0,169.5,34.5,34.5,243.5,22.380000000000003,600.0,-87.0,8.649999999999999,18.55,3.25,6.6,8.68,22.355,601.0,,-114.0,7.2,,8.129999999999999,22.575,22.509999999999998,22.495,22.395,22.22,1.0,2018.0,8.0,8.0,220.0,133.5,604.7222222222222,0.22076251722553974,6.8,3.5,19.8,22.181666666666672,10.499999999999998,627.8148148148148,0.1986403372693323
2018-08-09,1.5932860670204574,180.0,7.7,19.365000000000002,65.7462309843782,0.0,80.0,84.0,84.0,262.5,22.494999999999997,601.0,-89.35,8.55,20.5,3.6,7.0,9.21,22.244999999999997,603.0,,-107.55,7.6,,6.87,22.695,22.605,22.45,22.29,22.155,1.0,2018.0,8.0,9.0,221.0,109.2429293675929,505.60674157303373,0.21606303948345001,7.1,3.5,20.2,22.353333333333335,10.266666666666664,568.9985434873075,0.2113254648992722
2018-08-13,1.3979400086720377,307.0,18.35,15.5,79.5,0.0,51.0,12.0,12.0,545.5,21.91,606.0,-67.85,3.6,19.2,3.4,6.2,5.855,22.08,602.0,,-95.45,6.7,,5.91,22.09,22.03,22.015,22.06,22.005000000000003,1.0,2018.0,8.0,13.0,225.0,73.65820948801591,247.79545454545453,0.2972540784621389,5.85,3.5,19.95,22.765,13.983333333333329,428.2765151515152,0.2515832769167627
2018-08-14,1.5477747053878226,180.0,8.1,18.777178345282664,65.7462309843782,0.0,80.0,96.85129460723547,96.85129460723547,315.059628554845,20.57801128180509,606.0,-73.06721854304635,9.867369282096375,23.21754966887417,4.105298013245033,7.1,9.392299587564544,18.634029647132934,676.0265460230864,,-114.75650402397534,6.583323506371965,,7.58617597698391,18.906325458785354,18.830564368350323,18.791472997515942,18.718017237214294,18.448219929476924,1.0,2018.0,8.0,14.0,226.0,103.171337232206,198.36363636363637,0.5201121491999385,7.05,4.0,22.65,21.902670427268365,14.016666666666664,295.1628787878788,0.3607183443060067
2018-08-17,1.4483971034577676,180.0,8.1,18.777178345282664,65.7462309843782,0.0,80.0,96.85129460723547,96.85129460723547,315.059628554845,20.57801128180509,606.0,-82.69900662251655,9.867369282096375,21.027704194260487,3.6867549668874173,5.665342163355408,9.392299587564544,18.634029647132934,676.0265460230864,,-114.75650402397534,6.583323506371965,,7.58617597698391,18.906325458785354,18.830564368350323,18.791472997515942,18.718017237214294,18.448219929476924,1.0,2018.0,8.0,17.0,229.0,96.85129460723546,80.0,1.2106411825904433,5.799558498896247,3.7039735099337747,21.13719646799117,20.578011281805093,8.099999999999996,80.0,1.2106411825904433
2018-08-20,1.5796953838208185,180.0,8.1,18.777178345282664,65.7462309843782,0.0,80.0,96.85129460723547,96.85129460723547,315.059628554845,20.435000000000002,607.0,-81.25,4.9,21.6,3.8,7.3,7.48,20.55,603.0,,-106.8,8.3,,7.02,20.5198523661603,20.48439677906127,20.100338672895845,19.77602322094829,19.63777238654632,1.0,2018.0,8.0,20.0,232.0,96.85129460723546,80.0,1.2106411825904433,8.2,3.8499999999999996,21.95,20.91166666666667,8.099999999999996,80.0,1.2106411825904433
2018-08-21,1.5655526813995677,180.0,8.1,18.777178345282664,65.7462309843782,0.0,80.0,96.85129460723547,96.85129460723547,315.059628554845,20.27,608.0,-81.1,5.3,22.6,4.0,7.0,7.46,20.39,604.0,,-108.6,7.8,,7.345,20.313701526872542,20.281458203865164,19.962280770150016,19.690905108089524,19.562146344743354,1.0,2018.0,8.0,21.0,233.0,96.85129460723547,80.0,1.2106411825904435,7.1,4.2,23.7,20.493333333333336,8.099999999999996,80.0,1.2106411825904433
2018-08-23,1.7227572841258654,180.0,8.1,18.777178345282664,65.7462309843782,0.0,80.0,96.85129460723547,96.85129460723547,315.059628554845,20.08,609.0714285714286,-83.00357142857143,5.4,20.85,3.7,6.2,9.14,19.86,606.0,,-102.0,7.55,,6.725,20.016536950283264,19.989469354472803,19.712295815410716,19.39113828980113,19.264441793464925,1.0,2018.0,8.0,23.0,235.0,96.85129460723547,80.0,1.2106411825904435,6.6,3.7,21.4,20.07166666666667,8.099999999999996,80.0,1.2106411825904435
2018-08-27,1.4771212547196624,180.0,8.1,18.777178345282664,65.7462309843782,0.0,80.0,96.85129460723547,96.85129460723547,315.059628554845,17.675,612.0,-72.4,7.3,18.8,3.3,8.850000000000001,5.705,17.8,608.0,,-98.9,10.8,,5.67,17.66545636826468,17.656964088126855,18.01729850237362,18.310046209172874,18.12786056966167,1.0,2018.0,8.0,27.0,239.0,96.85129460723547,80.0,1.2106411825904435,8.1,3.4,19.7,18.33333333333334,8.099999999999996,80.0,1.2106411825904435
2018-08-28,1.2068258760318498,180.0,8.1,18.777178345282664,65.7462309843782,0.0,80.0,96.85129460723547,96.85129460723547,315.059628554845,17.445,611.5666666666666,-69.08333333333333,7.5,17.89,3.1,10.0,6.665,17.44,612.0,,-94.05,12.0,,5.335,17.445378242648673,17.41704727863402,17.809734529780727,18.118792065508686,17.925129402097188,1.0,2018.0,8.0,28.0,240.0,96.85129460723547,80.0,1.2106411825904435,9.9,3.05,17.45,17.8,8.099999999999996,80.0,1.2106411825904435
2018-09-05,1.2229764498933913,192.0,10.3,13.11708523701018,65.33411831870406,0.0,21.0,96.85129460723547,96.85129460723547,466.9765086656913,15.22,616.0,-72.73478260869565,7.0,14.2,2.5,6.8847826086956525,8.775747938270607,14.88,619.0,,-94.6,9.0,,7.695,16.02,15.68,15.84123342152147,16.73557120856461,16.49115356509191,1.0,2018.0,9.0,5.0,248.0,80.93872850547889,172.2405063291139,0.46991692157954235,6.8,2.8,16.3,15.61166666666667,10.299999999999997,71.41350210970464,3.2312832471054183
2018-09-10,1.380211241711606,143.5,10.45,13.75,67.5,0.0,24.5,5.0,5.0,575.0,15.455,622.0,-64.0,5.7,15.8,2.8,7.5,7.9,15.57,621.0,,-89.65,8.4,,7.64,15.63,15.55,15.545,15.55,15.45,1.0,2018.0,9.0,10.0,253.0,85.84615384615384,440.02564102564105,0.19509352601829727,7.8,2.8,16.1,15.441666666666668,15.916666666666663,375.8785026506546,0.2312013761866963
2018-09-17,1.202624523578978,156.5,11.75,9.67,79.0,0.0,20.5,7.0,7.0,583.0,13.26,621.0,-68.15454545454546,3.9,15.7,2.7,6.7,8.775747938270607,13.245000000000001,623.0,,-89.65,7.7,,8.455,13.43,13.34,13.31,13.31,13.11,1.0,2018.0,9.0,17.0,260.0,82.82017261429806,279.06666666666666,0.29677558270770926,6.8,2.7,15.5,13.49666666666667,16.249999999999996,238.95204678362575,0.29445686122628123
2018-09-24,1.3010299956639813,300.5,10.850000000000001,4.56,86.0,0.0,14.5,4.0,4.0,626.5,9.15,623.0,-61.849999999999994,3.5,10.1,1.8,6.2,9.31,9.22,624.0,,-85.4,7.1,,9.274999999999999,9.31,9.21,9.21,9.215,9.1,0.5,2018.0,9.0,24.0,267.0,81.33333333333333,315.2361111111111,0.2580076662113936,6.3,1.9,10.6,9.836666666666668,18.799999999999997,168.52619228817858,0.3308592106010601
2018-09-27,1.0831441431430522,328.0,22.299999999999997,4.835,68.0,0.0,15.0,4.0,4.0,507.5,8.9,623.0,-65.7,3.8,9.7,1.7,4.9,10.175,9.05,623.0,,-87.95,5.9,,10.125,9.06,8.955,8.95,8.99,8.95,0.0,2018.0,9.0,27.0,270.0,130.19718309859155,474.7042253521127,0.2742701163066698,5.7,1.7,9.7,8.965000000000002,21.033333333333328,383.7440010432968,0.2971195400424332
2018-10-01,1.0791812460476249,149.0,15.5,3.39,83.0,0.0,12.0,3.0,3.0,469.5,7.24,616.0,-68.2,2.5,8.5,1.5,3.2,10.235,7.39,615.0,,-89.3,2.7,,10.2,7.41,7.29,7.29,7.33,7.29,0.0,2018.0,10.0,1.0,274.0,69.27536231884058,155.34782608695653,0.44593712100009325,3.7,1.6,9.0,7.7166666666666694,14.349999999999994,247.71252150584664,0.3772896358427009
2019-05-29,0.5233562066547928,235.0,10.2,25.0,29.0,0.0,244.0,96.85129460723547,96.85129460723547,321.2,16.99,576.0,-65.4,0.2,3.5,0.8,0.3,9.07,16.440097959482948,851.2914209671117,,-100.35120320855617,1.2241506388194527,,9.61444355994267,17.18,17.09,17.08,17.11,16.95,1.0,2019.0,5.0,29.0,149.0,351.81956431548474,460.01851851851853,0.7647943509937674,0.3,0.8,3.6,9.680000000000001,13.266666666666664,261.65593129361247,1.9747517794584446
2019-06-03,0.6047119317276202,192.0,7.0,21.53,49.5,0.0,153.0,96.85129460723547,96.85129460723547,351.5,18.505000000000003,575.0,-66.35,0.2,3.0642857142857145,0.7,0.3,8.575,17.897890439107776,714.9589936913263,,-106.12984642265927,1.2241506388194527,,8.95855725401727,18.75,18.64,18.32,17.99,17.925,1.0,2019.0,6.0,3.0,154.0,393.67079206076346,380.02061855670104,1.0359195602488758,0.3,0.7,3.0,18.00666666666667,8.266666666666664,409.2577319587629,1.0332288789988133
2019-06-10,0.7781512503836436,234.5,6.6,17.28,42.0,0.0,162.0,105.0,105.0,271.3,17.270000000000003,577.0,-72.15,0.9,2.8,0.7,0.4,8.705,17.024052434164027,714.9589936913263,,-106.12984642265927,1.289694034046586,,8.95855725401727,17.49,17.369999999999997,17.265,17.01,16.915,1.0,2019.0,6.0,10.0,161.0,491.8775510204082,483.7040816326531,1.0168976647047656,0.4,0.7,3.1,17.315000000000005,10.43333333333333,444.5408163265306,0.9272689451905324
2019-06-12,1.051988880408344,134.5,5.5,17.748680565578084,63.0,0.0,104.5,73.0,73.0,281.05,17.814999999999998,575.0,-72.67142857142858,0.9,2.8,0.6,0.5,8.51,17.513842350500408,714.9589936913263,,-106.12984642265927,1.4207808245008515,,8.95855725401727,18.01,17.9,17.795,17.595,17.515,1.0,2019.0,6.0,12.0,163.0,219.99057403933395,263.19191919191917,0.8358561110644022,0.5,0.7,2.9,17.498333333333335,6.4999999999999964,366.9249295677867,0.8920893587210236
2019-06-19,0.75781341900478,79.0,11.8,16.56,69.0,0.0,142.0,81.5,81.5,309.6,18.61,569.75,-69.55,1.9,3.0,0.7,0.5,8.135000000000002,18.410184898502894,714.9589936913263,,-106.12984642265927,1.3552374292737186,,8.95855725401727,18.79,18.71,18.7,18.718017237214294,18.62,1.0,2019.0,6.0,19.0,170.0,153.45931321538387,205.86868686868686,0.7454232868025614,0.5,0.7,3.1,18.521666666666672,8.749999999999998,386.94276094276097,0.8749245223513316
2019-06-21,0.873105929388055,34.0,10.649999999999999,14.335,87.0,0.05,43.0,30.0,30.0,300.35,17.375,566.0,-70.15,1.0,3.3,0.8,0.6,8.07,17.244013471702935,714.9589936913263,,-106.12984642265927,1.4207808245008515,,8.95855725401727,17.545,17.47,17.46,17.505000000000003,17.455,1.0,2019.0,6.0,21.0,172.0,72.98989898989899,95.07070707070707,0.7677433064173396,0.6,0.8,3.4,17.96666666666667,9.733333333333329,159.87205387205387,0.7330243629273716
2019-06-24,0.9030899869919435,253.5,11.0,15.67,72.0,0.0,120.0,72.5,72.5,263.4,17.505000000000003,548.0,-72.05,2.2,3.8,0.9,0.8,8.455,17.317487993944507,714.9589936913263,,-106.12984642265927,1.5518676149551174,,8.95855725401727,17.695,17.6,17.595,17.615000000000002,17.52,1.0,2019.0,6.0,24.0,175.0,278.2448979591837,379.1938775510204,0.733780038212104,0.7,0.8,3.7,17.218333333333337,11.683333333333328,392.44465058750774,0.815849519030201
2019-06-27,1.1640552918934517,55.5,7.65,19.835,64.0,0.0,61.5,38.0,38.0,204.25,19.445,546.0,-79.4,2.1500000000000004,4.05,0.9,1.7,9.385000000000002,19.157997756402388,714.9589936913263,,-106.12984642265927,2.1417581719993133,,8.95855725401727,19.615000000000002,19.54,19.51,19.33,18.295,1.0,2019.0,6.0,27.0,178.0,231.78571428571428,333.1530612244898,0.695733406842476,2.1500000000000004,1.0,4.4,18.605000000000004,7.616666666666663,457.95578231292524,0.7572101786302293
2019-07-05,1.666546059031787,53.0,6.45,18.335,65.0,0.0,125.5,37.5,37.5,89.85,21.15,522.0,-100.44999999999999,9.867369282096375,5.5,1.3,8.3,11.775,20.817591194885402,697.7591866991419,,-117.07093781343954,6.500393954603651,,7.997254839934219,21.26,21.18,21.119999999999997,20.795,20.06,1.0,2019.0,7.0,5.0,186.0,101.89864112136797,316.2142857142857,0.3222455332503166,8.3,1.2,5.1,20.576666666666668,6.133333333333329,398.39115646258506,0.4671296955062072
2019-07-08,1.996175343916711,256.5,6.1,20.28,76.0,0.0,223.0,30.5,30.5,87.25,22.115000000000002,517.5,-99.5,8.7,4.6,1.1,6.9,11.47,21.649480167127017,697.7591866991419,,-117.07093781343954,5.550014723810224,,7.997254839934219,22.455,22.225,22.1,21.759999999999998,21.085,1.0,2019.0,7.0,8.0,189.0,173.75510204081633,523.6428571428571,0.33181986476216463,7.5,1.0,4.35,21.366666666666674,8.016666666666664,481.9557823129251,0.42443372356360526
2019-07-10,1.8454174391899334,150.5,8.6,20.081868357604264,70.5,0.0,154.0,41.0,41.0,99.65,22.051409907213504,504.0,-100.85,11.45,5.4,1.2,11.0,10.285,21.533009715324397,697.7591866991419,,-117.07093781343954,7.745718463919175,,7.997254839934219,21.945,21.795,21.740000000000002,21.785,21.62,1.0,2019.0,7.0,10.0,191.0,101.96056286121107,397.54639175257734,0.25647462780813945,9.6,1.2,5.4,22.10546996907117,7.949999999999996,386.8912616593029,0.25669509344824454
2019-07-15,1.146128035678238,267.5,11.95,19.585,73.0,0.0,209.5,45.0,45.0,180.8,23.765,500.0,-79.3,5.9,4.4,1.0,3.0,7.585,23.338721643539877,697.7591866991419,,-117.07093781343954,2.993822309952041,,7.997254839934219,23.935000000000002,23.884999999999998,23.865000000000002,23.799999999999997,23.244999999999997,1.0,2019.0,7.0,15.0,196.0,281.0416666666667,538.2291666666666,0.5221598606541514,3.6,1.0,4.4,23.25666666666667,8.016666666666664,526.3541666666666,0.5016989768124827
2019-07-17,1.2383472434264755,192.0,7.0,18.56,77.0,0.0,120.5,26.0,26.0,287.07942409961305,22.94,500.0,-69.0,5.9,5.085714285714285,1.1642857142857141,2.8,6.94,22.70297896066709,697.7591866991419,,-117.07093781343954,2.928278914724908,,7.997254839934219,23.13,23.07,23.04,23.07,22.97,1.0,2019.0,7.0,17.0,198.0,166.5736128113965,383.0520833333333,0.43485891360220985,2.8,1.2,5.25,23.38666666666667,8.949999999999996,417.5069444444444,0.511769133228278
2019-07-22,1.7880844935627105,104.5,5.3,21.78,65.0,0.0,219.0,29.5,29.5,48.7,22.064999999999998,483.0,-110.19999999999999,15.149999999999999,9.0,2.1,9.55,14.34,21.651239433017274,697.7591866991419,,-117.07093781343954,7.286914697329245,,7.997254839934219,22.475,22.075,21.625,21.09,20.82,1.0,2019.0,7.0,22.0,203.0,196.58947368421053,569.6421052631579,0.34511050336314586,8.7,2.0,8.5,21.63166666666667,6.449999999999996,481.5157894736842,0.2767082845843451
2019-07-29,1.896878800810649,112.0,6.85,17.53,61.0,0.0,154.0,20.5,20.5,54.8,20.205,478.0,-104.3,21.0,11.25,2.6,15.0,9.581952436876044,19.990793696455533,697.7591866991419,,-117.07093781343954,10.334682575390925,,7.997254839934219,20.314999999999998,20.19,20.04,20.03,19.71,1.0,2019.0,7.0,29.0,210.0,70.90394440746302,464.0752688172043,0.15278544057772564,13.5,2.6,11.3,20.61,11.266666666666664,477.55197132616485,0.14411445424568986
2019-08-02,1.9764916818567266,91.0,11.4,24.475,64.0,0.0,201.0,17.0,17.0,44.45,21.43,465.0,-108.5,24.15,9.0,2.1,17.0,10.92,20.93845364854277,676.0265460230864,,-114.75650402397534,12.169897641750646,,7.58617597698391,21.634999999999998,21.525,21.494999999999997,21.495,21.375,1.0,2019.0,8.0,2.0,214.0,74.32967032967034,500.94505494505495,0.14837888825516607,16.4,2.1,9.2,21.25166666666667,9.883333333333328,529.4200907787864,0.14112142132993113
2019-08-12,1.9867717342662448,37.0,12.75,14.17,86.0,0.64,17.0,0.0,0.0,27.55,19.965,448.0,-113.3,28.6,12.5,2.9,22.7,9.82,20.134999999999998,444.0,,-150.7,15.905871169697221,,7.58617597698391,20.14,20.07,20.064999999999998,20.1,20.055,1.0,2019.0,8.0,12.0,224.0,6.113636363636363,72.79545454545455,0.08398376522010614,23.1,3.0,12.9,20.578333333333337,10.249999999999995,354.110912495744,0.08466993872909996
2019-08-15,1.967079734144497,245.0,8.1,17.53,71.5,0.0,80.0,7.5,7.5,28.6,19.75,450.5,-114.95,25.4,12.1,2.8,19.9,10.395,19.650006274625134,453.5,,-150.35,13.906797615269667,,7.58617597698391,19.835,19.78,19.744999999999997,19.744999999999997,19.485,1.0,2019.0,8.0,15.0,227.0,53.38712306697796,399.4431818181818,0.1336538599156229,21.35,2.9,12.5,19.61,7.199999999999996,444.50378787878793,0.10598049092650834
2019-08-19,2.0713615545483277,166.5,7.55,15.615,61.0,0.0,140.0,1.0,1.0,24.5,18.36,451.0,-118.6,26.55,15.8,3.6,21.25,10.86,18.230189010746443,676.0265460230864,,-114.75650402397534,14.955491938903794,,7.58617597698391,18.564999999999998,18.41,18.3,18.165,17.88,1.0,2019.0,8.0,19.0,231.0,34.26744186046512,545.1395348837209,0.06285994624802697,20.799999999999997,3.6,15.7,18.436666666666667,10.099999999999996,468.7596899224806,0.07518316760936171
2019-08-26,2.0453229787866576,266.0,14.75,15.39,72.0,0.0,91.0,5.0,5.0,50.7,18.52,451.0,-101.2,15.1,16.2,3.7,12.350000000000001,8.565000000000001,18.32716857809403,676.0265460230864,,-114.75650402397534,9.122129763688967,,7.58617597698391,18.7,18.62,18.605,18.645,18.6,1.0,2019.0,8.0,26.0,238.0,62.45783132530121,536.5783132530121,0.11640021555595473,12.4,3.7,16.2,18.765,10.749999999999995,374.15308854465485,0.13385010265169847
2019-09-03,1.8282115891137247,252.5,12.350000000000001,13.225,65.33411831870406,0.0,21.0,4.5,4.5,52.900000000000006,16.26,461.31578947368416,-105.05789473684212,9.867369282096375,28.0,6.473684210526316,10.402631578947368,8.775747938270607,16.702622813698966,674.0995270325369,,-109.19688811046385,7.319686394942812,,8.466566692975524,17.19,17.075,16.965,16.45,16.18,1.0,2019.0,9.0,3.0,246.0,66.39905312259553,347.9012345679012,0.1908560433970986,9.6,6.3,27.5,16.520000000000007,10.199999999999996,325.58024691358025,0.17059351531616193
2019-09-09,1.8325089127062364,33.0,11.9,11.39,83.5,0.03,19.5,3.0,3.0,54.45,16.31,464.0,-102.6,9.0,22.65,5.2,8.9,7.905,16.311478767697217,674.0995270325369,,-109.19688811046385,6.860882628352882,,8.466566692975524,16.505000000000003,16.405,16.395,16.435000000000002,16.39,1.0,2019.0,9.0,9.0,252.0,12.423076923076923,67.3076923076923,0.18457142857142858,8.9,5.5,24.0,16.813333333333336,9.599999999999996,337.3515092502434,0.19074378951710788
2019-09-23,1.420698202908807,201.0,8.75,15.17,65.0,0.0,15.0,1.0,1.0,68.2,16.73,472.0,-98.85,6.9,14.55,3.3499999999999996,6.4,9.105,16.56946764019048,674.0995270325369,,-109.19688811046385,5.22229774767456,,8.466566692975524,16.92,16.83,16.814999999999998,16.82,16.725,1.0,2019.0,9.0,23.0,266.0,81.23287671232876,339.1095890410959,0.23954756614825287,6.3,3.5,15.1,16.956666666666667,7.466666666666664,410.6633962729854,0.2643924808262682
2020-06-11,1.24353905950333,50.0,8.4,20.115000000000002,42.0,0.0,564.5,192.0,192.0,185.3,17.744999999999997,568.0,-93.3,2.7,5.95,1.4,1.9,10.28,17.725,558.5,,-104.4,0.8,,10.955,17.93,17.814999999999998,17.79,17.725,16.655,1.0,2020.0,6.0,11.0,163.0,161.0327868852459,349.0163934426229,0.4613903240958197,1.8,1.2,5.3,11.735000000000001,7.383333333333329,209.26874950502892,0.4260942268647298
2020-06-22,1.3979400086720377,238.5,3.9,17.28,53.5,0.0,249.5,43.0,43.0,120.1,17.165,547.5,-103.0,7.6,12.7,3.0,4.95,12.475,16.53,540.0,,-112.8,1.85,,12.395,18.07,17.12,17.04,16.634999999999998,15.88,1.0,2020.0,6.0,22.0,174.0,81.94897959183673,387.59183673469386,0.21143112889637744,5.15,3.1500000000000004,13.600000000000001,16.42,6.5833333333333295,340.1054421768708,0.2556776297977585
2020-06-29,1.4740588402324744,16.5,10.5,17.945,83.0,0.0,81.0,26.5,26.5,179.35,20.42,527.5,-92.75,4.3,14.7,3.4,3.0,9.4,20.59,518.0,,-107.8,1.3,,10.07,20.6,20.53,20.51,20.55,20.49,1.0,2020.0,6.0,29.0,181.0,47.770833333333336,149.34375,0.31987166073795076,2.9,3.4,14.8,20.593333333333337,8.249999999999996,177.64930555555557,0.34615425282142115
2020-07-13,1.6334684555795864,270.0,13.05,16.78,69.0,0.0,129.5,17.5,17.5,101.05000000000001,21.064999999999998,495.0,-105.15,13.6,13.649999999999999,3.2,12.9,10.69,21.235,489.0,,-122.1,4.2,,11.565000000000001,21.24,21.17,21.16,21.19,21.1,1.0,2020.0,7.0,13.0,195.0,36.670212765957444,297.72340425531917,0.12316872722075321,13.4,3.2,13.75,21.25166666666667,9.133333333333331,321.75177304964546,0.11578683034913184
2020-07-15,1.3811259153642688,276.5,12.5,18.53,63.5,0.0,176.5,17.0,17.0,88.0,19.76,491.0,-107.3,17.35,15.0,3.5,16.75,9.905000000000001,19.9,484.5,,-123.19999999999999,5.45,,10.635000000000002,19.93,19.86,19.835,19.86,19.785,1.0,2020.0,7.0,15.0,197.0,23.670212765957448,318.9468085106383,0.07421366865681599,16.6,3.6,15.5,20.305000000000003,14.716666666666663,315.88652482269504,0.09696009688274794
2020-07-16,1.8207923810882036,270.0,9.6,20.06,64.0,0.0,247.5,14.5,14.5,80.5,19.98,488.0,-111.05,22.1,15.95,3.7,21.5,10.995000000000001,19.76,488.0,,-119.65,4.65,,9.79,20.205,20.09,19.925,19.84,19.47,1.0,2020.0,7.0,16.0,198.0,18.914893617021278,350.27659574468083,0.05399987851545891,19.25,3.6,15.3,19.943333333333335,13.566666666666663,333.40425531914894,0.07390381398098318
2020-07-27,1.6360865151030726,276.0,8.2,19.06,70.0,0.0,254.0,29.0,29.0,133.05,22.06281981442701,487.0,-100.4,6.2,15.7,3.6,8.5,9.29,21.939999999999998,482.0,,-111.65,3.0,,8.305,22.075,22.0,21.965,21.945,21.57,1.0,2020.0,7.0,27.0,209.0,70.34444444444445,365.85555555555555,0.19227381783946307,8.6,3.6,15.4,22.270939938142337,10.799999999999997,350.3888888888889,0.14796200184870525
2020-08-05,1.5854607295085006,293.5,5.8,21.53,59.0,0.0,155.0,21.5,21.5,152.05,22.665,485.0,-100.75,5.4,14.8,3.4,6.1,9.02,22.35,487.0,,-112.05,2.5,,8.165,22.97,22.740000000000002,22.555,22.425,22.015,1.0,2020.0,8.0,5.0,218.0,45.45454545454545,314.57954545454544,0.14449301015063395,6.35,3.5,15.1,22.630000000000006,10.266666666666664,300.75,0.14044610862400045
2020-08-10,1.6232492903979006,282.0,9.4,16.975,51.5,0.0,186.0,23.5,23.5,158.25,19.42,483.0,-94.8,5.8,14.6,3.4,6.2,8.155000000000001,19.595,487.0,,-112.1,2.3,,8.655000000000001,19.585,19.520000000000003,19.505000000000003,19.549999999999997,19.48,1.0,2020.0,8.0,10.0,223.0,42.52325581395349,301.09302325581393,0.1412296284853634,6.25,3.5,14.9,20.380000000000003,13.699999999999996,301.108527131783,0.1269480023507542
2020-08-11,1.8664645659717403,127.5,6.2,18.225,50.5,0.0,143.0,23.5,23.5,161.39999999999998,19.43,482.0,-95.9,5.8,14.2,3.3,5.7,8.555,19.25,486.0,,-108.9,2.4,,8.184999999999999,19.71,19.525,19.355,19.25,19.1,1.0,2020.0,8.0,11.0,224.0,53.83720930232558,290.75581395348837,0.1851629674065187,5.65,3.4,14.7,19.753333333333337,11.399999999999997,300.22868217054264,0.1492217287511093
2020-08-12,0.5268301662345264,140.5,11.7,20.17,61.5,0.02,105.5,17.0,17.0,138.1,19.425,484.0,-97.7,6.1,13.8,3.2,5.7,8.625,19.505000000000003,484.0,,-114.4,2.2,,8.79,19.615000000000002,19.525,19.51,19.465,19.335,1.0,2020.0,8.0,12.0,225.0,36.45348837209303,219.13953488372093,0.16634829672078957,5.7,3.3,14.0,19.425,9.099999999999996,270.3294573643411,0.1642469642042239
2020-08-17,1.4726101975960446,130.0,6.800000000000001,22.115000000000002,54.5,0.0,84.5,14.0,14.0,177.5,21.145,484.0,-88.35,116.1,116.7,27.1,6.5,8.879999999999999,20.33,482.0,,-107.1,2.5,,7.63,21.41,21.22,20.86,20.34,20.0,1.0,2020.0,8.0,17.0,230.0,34.57142857142857,252.35714285714286,0.13699405604302292,6.1,26.4,113.8,20.58666666666667,6.63333333333333,241.23809523809527,0.1669451922278107
2020-08-21,1.5712428505602238,221.0,6.35,22.28,58.0,0.11,75.0,11.5,11.5,211.4,22.94,478.0,-102.1,9.883684641048188,102.4,23.75,7.0,10.024999999999999,21.97659110079016,482.0,,-110.2,2.5,,8.345,23.18,23.11,22.82,22.465,20.595,1.0,2020.0,8.0,21.0,234.0,32.853658536585364,233.7560975609756,0.14054674457429048,6.9,25.5,109.95,22.795,5.383333333333329,241.19250871080143,0.14069008107816774
2020-08-24,1.520024759382907,138.0,6.300000000000001,22.56,49.0,0.0,80.0,8.5,8.5,359.5,21.655,491.0,-92.85,8.3,17.7,4.1,8.9,6.82,21.47,487.0,,-92.6,3.0,,5.9,22.305,21.69,21.57,21.45,21.299999999999997,1.0,2020.0,8.0,24.0,237.0,18.695121951219512,249.890243902439,0.07481333268264116,9.05,4.1,17.85,22.080000000000002,6.299999999999997,251.33739837398375,0.08149825753546579
2020-08-26,1.5930644316587175,104.5,4.75,17.39,65.5,0.0,89.0,11.0,11.0,713.55,21.875,492.0,-94.5,7.4,24.299999999999997,5.65,9.3,7.465,21.92,489.0,,-96.35,3.4,,6.855,22.215,22.085,21.955,21.915,21.64,1.0,2020.0,8.0,26.0,239.0,22.5609756097561,207.23170731707316,0.10886835755899489,9.4,5.7,24.7,21.826666666666668,7.399999999999996,226.8658536585366,0.09982659342752126
2020-09-08,1.5669086552268034,236.0,7.15,8.56,48.0,0.0,51.5,8.5,8.5,159.75,14.055,486.0,-100.6,10.0,29.049999999999997,6.75,9.8,9.635000000000002,13.98,482.0,,-114.2,3.3,,10.195,14.27,14.12,14.085,14.04,13.85,1.0,2020.0,9.0,8.0,252.0,31.692307692307693,252.0,0.12576312576312576,9.6,6.3,27.15,14.905000000000001,12.53333333333333,204.57264957264957,0.1420874971570648
2020-09-14,1.2041199826559248,150.0,8.7,10.225,65.0,0.0,19.5,3.5,3.5,176.2,13.965,496.0,-96.9,7.45,18.25,4.2,6.2,8.6,14.02,491.0,,-112.7,2.3,,9.32,14.155000000000001,14.05,14.03,13.99,13.9,1.0,2020.0,9.0,14.0,258.0,21.657894736842106,79.80263157894737,0.2713932399010717,6.4,4.300000000000001,18.4,14.545000000000002,8.649999999999995,138.01315789473685,0.21170688171940197
2020-09-17,1.400192488592576,139.0,7.45,10.195,53.0,0.0,27.0,5.5,5.5,217.25,13.445,495.0,-94.5,5.2,15.05,3.5,4.9,9.15,13.21,491.0,,-109.75,2.1,,9.215,13.62,13.49,13.43,13.17,12.97,1.0,2020.0,9.0,17.0,261.0,47.067567567567565,221.25675675675674,0.21272827215537776,4.85,3.5,14.9,13.490000000000004,7.3333333333333295,167.467164532954,0.2004082216272808
2020-09-21,1.4771212547196624,328.5,9.3,14.975000000000001,64.0,0.0,15.5,2.5,2.5,194.0,14.03,506.0,-99.55,5.7,17.3,4.0,5.2,9.69,13.934999999999999,496.0,,-112.25,2.2,,9.620000000000001,14.23,14.085,14.015,13.925,13.785,1.0,2020.0,9.0,21.0,265.0,64.82432432432432,250.09459459459458,0.2591992219160318,5.3,4.0,17.3,13.615000000000002,11.266666666666664,206.8153153153153,0.3186110321484428
2020-09-23,1.407900540142635,265.0,12.5,14.5,64.0,0.01,15.0,2.0,2.0,141.5,14.605,505.0,-101.75,5.0,17.5,4.1,4.5,10.31,14.74,495.0,,-118.1,2.0,,10.64,14.8,14.68,14.67,14.71,14.66,0.5,2020.0,9.0,23.0,267.0,72.56944444444444,218.47222222222223,0.33216783216783213,4.5,4.1,17.8,14.366666666666669,9.599999999999996,226.97722722722722,0.28826669328513993
2020-10-01,1.1781132523146318,34.0,6.8,3.39,80.0,0.0,11.0,2.0,2.0,1000.0,11.15,502.0,-89.0,4.6,14.6,3.4,4.9,9.99,11.29,498.0,,-105.7,2.1,,10.34,11.34,11.22,11.21,11.24,11.2,0.0,2020.0,10.0,1.0,275.0,29.55,127.75,0.23131115459882584,4.9,3.4,14.7,11.718333333333335,13.466666666666663,155.30714285714285,0.22908850240711898
2021-05-31,0.7577147993328409,175.0,8.5,17.115000000000002,52.5,0.03,85.0,108.42564730361774,108.42564730361774,39.5,14.35,514.0,-100.5,2.3499999999999996,42.849999999999994,0.3,1.2,10.934999999999999,14.285,516.3,336.0,-104.35,1.3,0.94,10.92,14.57,14.45,14.44,14.47,14.41,1.0,2021.0,5.0,31.0,151.0,229.82848145549593,229.0,1.0036178229497639,1.3,0.4,43.2,12.360000000000005,11.08333333333333,195.30714285714285,0.4707378684668262
2021-06-01,1.0145205387579237,292.5,11.2,16.67,59.5,0.0,350.0,89.0,89.0,25.2,14.705,514.0,-102.3,2.2,43.0,0.3,1.4,10.955,14.335,514.8,335.0,-104.95,1.14,0.92,10.87,14.945,14.825,14.785,14.68,14.46,1.0,2021.0,6.0,1.0,152.0,322.2886597938144,632.1958762886597,0.5097924106778859,1.6,0.4,43.3,13.401666666666669,8.83333333333333,329.64862542955325,0.581573796075492
2021-06-02,0.8413594704548549,249.5,9.3,21.53,49.5,0.0,242.0,77.5,77.5,19.15,16.005000000000003,509.0,-104.0,1.9,42.9,0.3,1.4,11.14,15.5225,514.1,334.0,-99.7,1.15,0.965,11.125,16.244999999999997,16.125,16.085,16.005,15.495000000000001,1.0,2021.0,6.0,2.0,153.0,362.319587628866,592.2061855670103,0.6118132442030499,1.8,0.4,43.2,15.020000000000003,9.666666666666664,484.46735395189006,0.7084078259435665
2021-06-08,1.1011605585072488,115.5,9.1,14.835,64.0,0.8,45.0,18.5,18.5,3.5,18.98,496.0,-106.3,4.7,43.9,0.6,4.5,10.26,18.9225,492.8,320.0,-102.8,1.565,1.88,10.015,19.215,19.1,19.064999999999998,19.055,18.79,1.0,2021.0,6.0,8.0,159.0,86.58163265306122,155.64285714285714,0.5562840097030093,4.7,0.6,44.0,19.24166666666667,13.716666666666667,394.6063538817589,0.5380797398549324
2021-06-14,1.156912425700017,108.0,21.7,22.475,47.5,0.0,356.5,111.04586089183174,111.04586089183174,288.87134723682897,18.785,482.0,-105.3,5.0,45.25,0.9,5.3,10.54,18.861,480.45,312.0,-114.25,3.03,2.46,9.72,18.467714140522894,18.965144158085614,19.015,18.978797882993646,18.8567237593387,1.0,2021.0,6.0,14.0,165.0,199.52887072023228,634.9090909090909,0.31426368526955256,5.8,0.9,45.2,18.258333333333336,13.933333333333332,487.8821548821549,0.3659167583029872
2021-06-22,1.008067621748033,262.0,8.9,22.39,50.0,0.0,216.5,66.55154737812174,66.55154737812174,288.87134723682897,19.01,471.0,-101.6,4.2,47.5,1.7,3.1,10.055,18.996000000000002,471.05,306.0,-108.9,5.3149999999999995,1.9849999999999999,9.614999999999998,19.43,19.345,19.305,19.24,18.44,1.0,2021.0,6.0,22.0,173.0,185.45764503962576,590.6344086021505,0.3139973600226692,3.4,1.9,48.2,18.77666666666667,11.283333333333331,566.958944281525,0.31380447146288176
2021-06-24,1.3968964491425238,279.0,9.25,15.115,77.5,1.1549999999999998,101.0,29.843738729311006,29.843738729311006,288.87134723682897,19.81,464.0,-113.2,9.867369282096375,2.0,97.73333333333333,2.5543037974683545,9.587914266577396,19.826999999999998,464.8,302.0,-113.4,5.965,1.995,8.77,19.945,19.86,19.835,19.795,19.64,1.0,2021.0,6.0,24.0,175.0,72.596547406515,235.5204081632653,0.3082388824504341,2.641139240506329,104.95,2.1,19.650000000000002,12.216666666666663,430.177455928608,0.3117317441197951
2021-06-25,1.1716014114848408,223.0,11.0,20.78,60.5,0.05,134.5,40.49059232009161,40.49059232009161,288.87134723682897,20.08,463.0,-104.35,4.1,42.7,3.5,2.3965822784810125,9.77,19.671,461.45,300.0,-114.75,5.09,2.02,9.34,20.384999999999998,20.27,20.134999999999998,19.695,19.31,1.0,2021.0,6.0,25.0,176.0,170.09163101895402,542.2857142857143,0.31365685382841885,2.4143037974683543,98.46666666666667,2.091666666666667,20.006666666666664,12.916666666666664,414.06122448979596,0.311618242055045
2021-06-30,1.1489495200095283,44.5,11.8,24.53,59.0,0.0,291.0,90.22887849791742,90.22887849791742,288.87134723682897,22.98,446.0,-102.85,6.1,47.0,1.3,2.8,11.35,21.0345,462.3,301.0,-108.6,4.125,1.87,2.54,23.299999999999997,23.145,22.744999999999997,21.365000000000002,20.88,1.0,2021.0,6.0,30.0,181.0,197.6703221356151,629.0612244897959,0.3142306574307403,2.9,1.4,47.1,22.438333333333336,8.716666666666663,608.7278911564625,0.31410744893220577
2021-07-07,1.182476302894377,44.0,19.1,19.17,71.0,0.0,131.5,39.537142744797826,39.537142744797826,287.07942409961305,22.38,451.0,-92.65,5.9,44.9,0.8,4.0,7.96,22.18684433873822,697.7591866991419,292.0,-117.07093781343954,3.583712866996237,1.78,7.997254839934219,22.625,22.555,22.54,22.57,22.27,1.0,2021.0,7.0,7.0,188.0,174.1616283556673,555.0918367346939,0.31375281859694837,4.0,0.8,44.95,22.978333333333335,17.066666666666666,440.3877551020408,0.31253413927863133
2021-07-14,1.5765995949938107,88.0,8.0,22.53,59.0,0.0,188.0,57.49377641283078,57.49377641283078,287.07942409961305,23.31,444.0,-103.69999999999999,5.8,44.9,0.8,5.7,9.725000000000001,22.634847830485093,697.7591866991419,,-117.07093781343954,4.829037376311762,2.2,7.997254839934219,23.66,23.52,23.155,22.64,22.39,1.0,2021.0,7.0,14.0,195.0,189.59951201186973,603.6666666666666,0.31407981006935903,5.95,0.7,44.349999999999994,22.99666666666667,12.699999999999998,623.0125644329897,0.31418604631419145
2021-07-19,1.8595885767354927,285.5,15.9,18.725,82.5,0.1,41.5,10.933655485984259,10.933655485984259,287.07942409961305,23.54,453.0,-108.6,11.0,48.4,1.7,12.850000000000001,8.99,23.8,450.0,,-130.1,0.0,5.3,9.545,23.785,23.72,23.71,23.744999999999997,23.69,1.0,2021.0,7.0,19.0,200.0,35.18974722516879,117.82105263157895,0.2986711325284584,12.3,1.7,48.6,23.72666666666667,16.216666666666665,324.2575657894737,0.3078874732463243
2021-07-21,1.9140679991666858,173.5,8.95,22.39,79.0,0.0,123.5,36.99461054401439,36.99461054401439,287.07942409961305,22.795,452.0,-110.6,12.75,45.2,0.9,17.2,9.805,22.71,451.0,,-130.1,0.0,5.3,8.215,23.08,22.945,22.85,22.725,22.46,1.0,2021.0,7.0,21.0,202.0,132.38138603722163,423.63157894736844,0.3124917796878135,14.4,1.0,45.6,23.021666666666665,12.716666666666663,241.88070175438597,0.30557754819777116
2021-07-28,1.9235072104594346,262.0,11.9,22.225,53.0,0.0,154.0,96.85129460723547,96.85129460723547,287.07942409961305,22.845,430.0,-117.225,18.45,49.8,2.033333333333333,21.4,10.34,22.89,427.0,,-136.0,0.0,8.2,9.844999999999999,23.21,23.10703993353117,22.7,22.72,22.58,1.0,2021.0,7.0,28.0,209.0,116.6065406657493,297.6236559139785,0.3917919101815342,21.2,1.9,49.4,22.709999999999997,13.233333333333333,443.10752688172033,0.33955137235061966
2021-07-30,1.95525468282018,270.5,13.85,23.115000000000002,50.0,0.0,162.5,49.38945502283361,49.38945502283361,287.07942409961305,23.009999999999998,428.0,-117.1,18.5,50.8,2.3,23.8,10.15,22.83,424.0,,-135.95,0.0,9.1,9.645,23.27,23.049999999999997,22.97,22.83,22.61,1.0,2021.0,7.0,30.0,211.0,171.7695443502164,547.5652173913044,0.31369696046172596,25.45,2.3,51.0,22.975000000000005,13.416666666666664,436.3120420175118,0.342650219886164
2021-08-05,1.796984845735545,104.5,5.3,22.03,57.0,0.0,80.0,96.85129460723547,96.85129460723547,315.059628554845,22.415,424.0,-103.2,13.75,48.95,1.8,21.35,8.895,22.3,423.0,,-134.8,0.0,7.8,6.984999999999999,22.935000000000002,22.56,22.41,22.31,22.16,1.0,2021.0,8.0,5.0,217.0,165.61364672159186,443.18888888888887,0.37368636911633535,20.2,1.7,48.4,22.676666666666666,11.166666666666664,202.47777777777773,0.903704700283983
2021-08-17,1.8626083639649418,249.0,20.3,16.67,55.0,0.0,37.5,9.662389385592544,9.662389385592544,315.059628554845,19.7,427.0,-109.9,13.1,48.8,1.8,20.0,9.335,19.95,423.0,,-140.95,0.0,7.6,10.05,19.945,19.86,19.85,19.89,19.84,1.0,2021.0,8.0,17.0,229.0,105.59863347329282,339.36046511627904,0.3111695212850157,20.1,1.85,49.05,19.860000000000003,15.966666666666663,390.55065490510543,0.31197532686843643
2021-08-24,1.9590413923210936,200.5,17.299999999999997,14.17,78.0,0.0,69.0,19.673609926177292,19.673609926177292,315.059628554845,16.994999999999997,424.0,-103.6,11.7,47.7,1.5,18.9,9.3,17.16,422.0,,-141.2,0.0,7.6,9.74,17.235,17.14,17.14,17.16,17.085,1.0,2021.0,8.0,24.0,236.0,106.96721548640832,343.6666666666667,0.3112528093687924,18.9,1.5,47.7,17.085000000000004,19.78333333333333,317.61111111111103,0.30906856453020226
2021-08-25,1.8871264728366184,73.5,7.300000000000001,12.835,72.5,0.0,89.5,26.18884869068483,26.18884869068483,315.059628554845,16.76,426.0,-102.5,10.8,48.5,1.7,18.4,9.235,16.77,424.0,,-140.2,0.0,7.2,8.55,17.35,16.875,16.78,16.75,16.67,1.0,2021.0,8.0,25.0,237.0,173.1335891877485,551.8571428571429,0.31372899930474746,18.2,1.6,48.0,16.923333333333336,15.68333333333333,450.53174603174597,0.3126174438450906
2021-09-02,1.59222562665955,197.0,17.9,14.28,63.5,0.0,55.5,15.383086837355258,15.383086837355258,466.9765086656913,17.805,438.0,-95.35,5.8,47.7,1.5,8.6,8.01,18.035,430.0,,-139.3,0.0,3.9,8.455,18.05,17.96,17.95,17.985,17.935000000000002,1.0,2021.0,9.0,2.0,245.0,162.02402388361983,516.9012345679013,0.3134525767172181,8.6,1.5,47.8,17.838333333333335,17.749999999999996,431.0699588477366,0.3122164762729001
2021-09-08,1.5601554057014482,64.0,8.2,16.835,55.0,0.0,38.0,9.82129764814151,9.82129764814151,466.9765086656913,17.425,452.0,-73.69999999999999,11.4,48.6,1.7,12.350000000000001,6.7,17.41,448.0,,-59.15,0.0,4.3,6.42,17.775,17.59,17.49,17.41,17.3,1.0,2021.0,9.0,8.0,251.0,158.3597774230772,505.37179487179486,0.3133530185697258,12.85,1.7,48.4,17.653333333333336,12.85,462.2125392188682,0.312853247573141
2021-09-14,1.4953500409674034,202.5,13.4,15.335,48.5,0.0,29.5,7.119857184809117,7.119857184809117,466.9765086656913,16.4,465.0,-65.44999999999999,17.5,46.8,1.3,12.1,6.775,16.5,460.0,,-119.5,0.0,4.5,6.43,16.65,16.555,16.545,16.555,16.41,1.0,2021.0,9.0,14.0,257.0,139.9211649155317,447.35526315789474,0.3127741561098976,12.1,1.4,47.3,16.700000000000003,14.466666666666663,396.724481658692,0.31200393337744176
2021-09-28,1.2266933264641493,44.5,15.5,17.225,50.5,0.0,10.0,0.9224349453995104,0.9224349453995104,466.9765086656913,13.815000000000001,491.0,-56.5,7.6,42.2,0.1,8.3,7.59,13.99,487.0,,-130.8,0.0,2.8,7.54,14.065000000000001,13.96,13.95,13.97,13.88,0.0,2021.0,9.0,28.0,271.0,106.38380580888114,341.83098591549293,0.3112175612867969,9.7,0.1,42.2,13.623333333333335,12.383333333333331,394.7183098591548,0.31203451650419073
2021-09-30,1.0081741840064264,68.5,12.4,13.89,38.0,0.0,11.0,1.240251470497439,1.240251470497439,466.9765086656913,13.88,495.0,-59.0,7.4,42.2,0.1,8.4,8.305,14.065000000000001,491.0,,-132.6,0.0,3.1,8.07,14.125,14.02,14.01,14.02,13.945,0.0,2021.0,9.0,30.0,273.0,135.0364683006525,431.98571428571427,0.31259475449074625,8.5,0.1,42.2,13.880000000000003,16.399999999999995,390.6008718980549,0.31198699207184116
2021-10-07,1.1584875159236725,205.0,22.6,8.0,63.0,0.0,10.0,0.9224349453995107,0.9224349453995107,974.9969314079409,13.225000000000001,502.0,-59.7,5.9,42.0,0.1,5.9,7.93,13.45,497.0,,-129.64999999999998,0.0,2.3,7.89,13.46,13.36,13.355,13.39,13.35,0.0,2021.0,10.0,7.0,280.0,61.16311265714324,199.54545454545453,0.30651218188090007,6.0,0.1,42.0,13.480000000000002,13.83333333333333,277.8934804586691,0.30914774755499336
